Flight_ID,Aircraft_Type,Route,Flight_Duration,Turnaround_Time,Route_Distance,Passenger_Capacity,Actual_Passengers,Passenger_Load_Factor,Available_Seats,Total_Operational_Time,Aircraft_Utilisation,Turnaround_Ratio
F0520,B737-800,Delhi-Singapore,5.78,0.72,4160,189,139,73.54497354497354,50,6.5,88.92307692307693,12.45674740484429
F0838,B737-800,Delhi-Singapore,5.81,0.73,4160,189,161,85.18518518518519,28,6.539999999999999,88.83792048929664,12.564543889845096
F0209,B787,Mumbai-Singapore,5.58,1.27,3930,290,211,72.75862068965517,79,6.85,81.45985401459855,22.759856630824373
F0526,A320,Bengaluru-Kolkata,2.36,0.69,1540,180,165,91.66666666666666,15,3.05,77.37704918032787,29.23728813559322
F0979,A321,Delhi-Hyderabad,2.23,0.94,1260,220,191,86.81818181818181,29,3.17,70.34700315457413,42.152466367713004
F0584,B737-800,Bengaluru-Hyderabad,1.18,1.0,500,189,173,91.53439153439153,16,2.1799999999999997,54.128440366972484,84.74576271186442
F0509,A321,Mumbai-Kolkata,2.48,0.8,1660,220,170,77.27272727272727,50,3.2800000000000002,75.60975609756096,32.25806451612904
F0159,B737-800,Chennai-Hyderabad,0.93,0.81,515,189,146,77.24867724867724,43,1.7400000000000002,53.44827586206896,87.09677419354838
F0590,A320,Chennai-Singapore,4.33,1.06,2920,180,162,90.0,18,5.390000000000001,80.33395176252318,24.48036951501155
F0202,ATR 72,Delhi-Kolkata,2.6,0.69,1305,72,66,91.66666666666666,6,3.29,79.0273556231003,26.538461538461533
F0281,A320,Delhi-Hyderabad,2.24,0.88,1260,180,152,84.44444444444444,28,3.12,71.7948717948718,39.285714285714285
F0168,A320,Bengaluru-Hyderabad,1.01,0.75,500,180,155,86.11111111111111,25,1.76,57.38636363636363,74.25742574257426
F0975,B737-800,Delhi-Bengaluru,2.77,0.86,1740,189,157,83.06878306878306,32,3.63,76.30853994490359,31.046931407942235
F0096,A320,Mumbai-Kolkata,2.52,0.78,1660,180,114,63.33333333333333,66,3.3,76.36363636363637,30.952380952380953
F0237,A320,Mumbai-Kolkata,2.63,0.78,1660,180,116,64.44444444444444,64,3.41,77.12609970674487,29.657794676806088
F0204,A320,Mumbai-Bengaluru,1.72,0.74,845,180,149,82.77777777777777,31,2.46,69.91869918699187,43.02325581395349
F0791,B737-800,Delhi-Hyderabad,2.2,0.75,1260,189,142,75.13227513227513,47,2.95,74.57627118644068,34.090909090909086
F0429,A320,Mumbai-Bengaluru,1.63,0.82,845,180,149,82.77777777777777,31,2.4499999999999997,66.53061224489795,50.306748466257666
F0999,A321,Chennai-Mumbai,2.09,0.59,1034,220,152,69.0909090909091,68,2.6799999999999997,77.98507462686567,28.229665071770338
F0382,B737-800,Delhi-Kolkata,2.2,0.78,1305,189,184,97.35449735449735,5,2.9800000000000004,73.8255033557047,35.45454545454545
F0706,A321,Mumbai-Singapore,5.74,0.91,3930,220,193,87.72727272727273,27,6.65,86.31578947368422,15.853658536585366
F0411,B737-800,Delhi-Singapore,5.72,0.75,4160,189,151,79.8941798941799,38,6.47,88.4080370942813,13.111888111888112
F0685,A320,Chennai-Delhi,2.7,0.64,1760,180,143,79.44444444444444,37,3.3400000000000003,80.8383233532934,23.703703703703702
F0212,A321,Delhi-Bengaluru,2.8,0.77,1740,220,179,81.36363636363636,41,3.57,78.43137254901961,27.500000000000004
F0586,A321,Mumbai-Bengaluru,1.67,0.78,845,220,212,96.36363636363636,8,2.45,68.16326530612244,46.706586826347305
F0935,A321,Mumbai-Kolkata,2.38,0.66,1660,220,167,75.9090909090909,53,3.04,78.28947368421052,27.73109243697479
F0906,B787,Chennai-Singapore,4.26,1.35,2920,290,248,85.51724137931035,42,5.609999999999999,75.93582887700535,31.690140845070424
F0884,A350,Delhi-Hyderabad,2.19,1.58,1260,325,293,90.15384615384615,32,3.77,58.09018567639257,72.14611872146119
F0845,A320,Bengaluru-Hyderabad,0.95,0.64,500,180,171,95.0,9,1.5899999999999999,59.74842767295597,67.36842105263159
F0330,B787,Mumbai-Singapore,5.48,1.38,3930,290,233,80.3448275862069,57,6.86,79.88338192419825,25.182481751824813
F0599,A350,Bengaluru-Kolkata,2.47,1.24,1540,325,232,71.38461538461539,93,3.71,66.57681940700809,50.20242914979757
F0152,ATR 72,Mumbai-Delhi,2.24,0.55,1148,72,62,86.11111111111111,10,2.79,80.28673835125448,24.553571428571427
F0094,A321,Chennai-Kolkata,2.15,0.95,1360,220,188,85.45454545454545,32,3.0999999999999996,69.35483870967742,44.18604651162791
F0264,B787,Chennai-Dubai,4.11,1.24,2930,290,245,84.48275862068965,45,5.3500000000000005,76.82242990654206,30.17031630170316
F0812,B737-800,Chennai-Hyderabad,1.15,0.69,515,189,164,86.77248677248677,25,1.8399999999999999,62.5,60.0
F0402,B737-800,Chennai-Bengaluru,0.86,1.33,290,189,171,90.47619047619048,18,2.19,39.26940639269406,154.6511627906977
F0395,ATR 72,Delhi-Hyderabad,2.43,0.79,1260,72,62,86.11111111111111,10,3.22,75.46583850931677,32.510288065843625
F0363,A321,Chennai-Dubai,4.15,0.9,2930,220,173,78.63636363636364,47,5.050000000000001,82.17821782178217,21.686746987951803
F0537,B737-800,Delhi-Bengaluru,2.71,0.8,1740,189,184,97.35449735449735,5,3.51,77.20797720797721,29.520295202952028
F0379,A320,Chennai-Hyderabad,0.98,0.68,515,180,171,95.0,9,1.6600000000000001,59.03614457831324,69.38775510204083
F0714,B737-800,Delhi-Dubai,3.61,0.63,2190,189,157,83.06878306878306,32,4.24,85.14150943396226,17.451523545706372
F0501,B737-800,Mumbai-Kolkata,2.72,0.88,1660,189,132,69.84126984126983,57,3.6,75.55555555555556,32.35294117647059
F0189,A320,Delhi-Singapore,5.87,0.74,4160,180,130,72.22222222222221,50,6.61,88.80484114977307,12.60647359454855
F0902,B737-800,Chennai-Mumbai,1.95,1.05,1034,189,163,86.24338624338624,26,3.0,65.0,53.846153846153854
F0844,A350,Chennai-Kolkata,1.97,1.22,1360,325,206,63.38461538461539,119,3.19,61.75548589341693,61.92893401015228
F0621,B737-800,Mumbai-Bengaluru,1.68,0.54,845,189,157,83.06878306878306,32,2.2199999999999998,75.67567567567568,32.142857142857146
F0765,B737-800,Hyderabad-Kolkata,2.09,0.8,1180,189,123,65.07936507936508,66,2.8899999999999997,72.31833910034602,38.277511961722496
F0517,B737-800,Delhi-Singapore,5.77,0.74,4160,189,119,62.96296296296296,70,6.51,88.63287250384025,12.824956672443674
F0644,ATR 72,Mumbai-Delhi,2.21,0.53,1148,72,57,79.16666666666666,15,2.74,80.65693430656934,23.981900452488688
F0477,ATR 72,Chennai-Mumbai,2.39,0.5,1034,72,63,87.5,9,2.89,82.69896193771626,20.920502092050206
F0616,B737-800,Mumbai-Singapore,5.82,0.66,3930,189,129,68.25396825396825,60,6.48,89.81481481481481,11.34020618556701
F0196,A320,Chennai-Singapore,4.25,0.7,2920,180,174,96.66666666666667,6,4.95,85.85858585858585,16.470588235294116
F0136,ATR 72,Mumbai-Bengaluru,1.64,0.53,845,72,61,84.72222222222221,11,2.17,75.57603686635944,32.31707317073171
F0301,A321,Mumbai-Bengaluru,1.73,0.85,845,220,205,93.18181818181817,15,2.58,67.05426356589147,49.13294797687861
F0139,A320,Delhi-Kolkata,2.38,0.8,1305,180,146,81.11111111111111,34,3.1799999999999997,74.8427672955975,33.61344537815126
F0777,ATR 72,Hyderabad-Kolkata,2.24,0.35,1180,72,63,87.5,9,2.5900000000000003,86.48648648648648,15.624999999999996
F0744,B737-800,Delhi-Dubai,3.47,0.73,2190,189,128,67.72486772486772,61,4.2,82.61904761904762,21.037463976945244
F0148,B737-800,Bengaluru-Hyderabad,1.0,0.63,500,189,184,97.35449735449735,5,1.63,61.34969325153374,63.0
F0756,ATR 72,Chennai-Mumbai,1.99,0.67,1034,72,60,83.33333333333334,12,2.66,74.81203007518796,33.66834170854271
F0153,B737-800,Chennai-Singapore,4.12,0.72,2920,189,161,85.18518518518519,28,4.84,85.12396694214877,17.475728155339805
F0843,B737-800,Chennai-Singapore,4.28,0.7,2920,189,167,88.35978835978835,22,4.98,85.94377510040161,16.355140186915886
F0793,A350,Mumbai-Singapore,5.67,1.55,3930,325,218,67.07692307692308,107,7.22,78.53185595567868,27.336860670194003
F0412,B737-800,Chennai-Hyderabad,1.08,0.87,515,189,137,72.4867724867725,52,1.9500000000000002,55.38461538461539,80.55555555555554
F0420,B787,Chennai-Kolkata,2.04,1.15,1360,290,214,73.79310344827587,76,3.19,63.94984326018809,56.372549019607845
F0146,A320,Delhi-Singapore,5.93,0.72,4160,180,153,85.0,27,6.6499999999999995,89.17293233082707,12.141652613827993
F0630,ATR 72,Chennai-Kolkata,2.3,0.47,1360,72,47,65.27777777777779,25,2.7699999999999996,83.03249097472924,20.434782608695652
F0249,A320,Mumbai-Dubai,3.29,0.65,1930,180,147,81.66666666666667,33,3.94,83.50253807106598,19.756838905775076
F0704,B787,Hyderabad-Kolkata,1.78,1.29,1180,290,216,74.48275862068967,74,3.0700000000000003,57.980456026058626,72.47191011235955
F0198,A321,Delhi-Singapore,5.7,0.73,4160,220,177,80.45454545454545,43,6.43,88.64696734059099,12.807017543859647
F0175,B737-800,Delhi-Kolkata,2.26,0.83,1305,189,172,91.005291005291,17,3.09,73.13915857605178,36.72566371681416
F0957,A320,Mumbai-Bengaluru,1.77,0.69,845,180,155,86.11111111111111,25,2.46,71.95121951219512,38.983050847457626
F0142,A321,Hyderabad-Kolkata,2.12,0.75,1180,220,179,81.36363636363636,41,2.87,73.86759581881533,35.37735849056604
F0444,A321,Chennai-Delhi,2.76,0.83,1760,220,162,73.63636363636363,58,3.59,76.88022284122562,30.07246376811594
F0830,A321,Mumbai-Dubai,3.33,0.8,1930,220,215,97.72727272727273,5,4.13,80.62953995157386,24.024024024024023
F0227,A320,Chennai-Kolkata,2.18,0.76,1360,180,132,73.33333333333333,48,2.9400000000000004,74.14965986394557,34.862385321100916
F0302,B737-800,Delhi-Hyderabad,2.22,0.92,1260,189,141,74.60317460317461,48,3.14,70.70063694267516,41.44144144144144
F0521,B737-800,Bengaluru-Hyderabad,1.01,0.8,500,189,152,80.42328042328042,37,1.81,55.80110497237569,79.20792079207921
F0316,ATR 72,Mumbai-Delhi,2.11,0.73,1148,72,64,88.88888888888889,8,2.84,74.29577464788733,34.59715639810427
F0030,A321,Mumbai-Singapore,6.07,0.56,3930,220,164,74.54545454545455,56,6.630000000000001,91.55354449472097,9.225700164744646
F0185,B737-800,Chennai-Hyderabad,1.14,1.32,515,189,171,90.47619047619048,18,2.46,46.34146341463414,115.78947368421053
F0981,A350,Chennai-Mumbai,2.09,1.26,1034,325,269,82.76923076923077,56,3.3499999999999996,62.38805970149254,60.28708133971292
F0358,B737-800,Chennai-Kolkata,2.21,0.73,1360,189,144,76.19047619047619,45,2.94,75.17006802721087,33.03167420814479
F0821,B737-800,Chennai-Mumbai,1.91,0.79,1034,189,172,91.005291005291,17,2.7,70.74074074074073,41.36125654450262
F0345,A320,Chennai-Bengaluru,0.83,0.72,290,180,167,92.77777777777779,13,1.5499999999999998,53.5483870967742,86.74698795180723
F0960,ATR 72,Delhi-Hyderabad,2.39,0.58,1260,72,60,83.33333333333334,12,2.97,80.47138047138047,24.26778242677824
F0658,A320,Bengaluru-Hyderabad,0.92,0.96,500,180,176,97.77777777777777,4,1.88,48.93617021276596,104.34782608695652
F0653,B787,Bengaluru-Hyderabad,0.93,1.2,500,290,215,74.13793103448276,75,2.13,43.66197183098592,129.03225806451613
F0637,A320,Mumbai-Singapore,5.64,0.76,3930,180,123,68.33333333333333,57,6.3999999999999995,88.125,13.47517730496454
F0575,A320,Delhi-Dubai,3.72,0.76,2190,180,173,96.11111111111111,7,4.48,83.03571428571428,20.43010752688172
F0628,B737-800,Chennai-Kolkata,2.28,0.62,1360,189,129,68.25396825396825,60,2.9,78.6206896551724,27.192982456140353
F0364,B737-800,Mumbai-Singapore,5.56,0.7,3930,189,150,79.36507936507937,39,6.26,88.81789137380191,12.589928057553957
F0577,A320,Mumbai-Delhi,2.14,0.89,1148,180,167,92.77777777777779,13,3.0300000000000002,70.62706270627062,41.58878504672897
F0066,A321,Chennai-Singapore,4.28,0.83,2920,220,201,91.36363636363637,19,5.11,83.75733855185909,19.392523364485978
F0108,A321,Delhi-Singapore,6.39,0.47,4160,220,164,74.54545454545455,56,6.859999999999999,93.14868804664724,7.355242566510172
F0701,B737-800,Mumbai-Bengaluru,1.68,0.84,845,189,169,89.41798941798942,20,2.52,66.66666666666666,50.0
F0909,ATR 72,Hyderabad-Kolkata,2.11,0.8,1180,72,52,72.22222222222221,20,2.91,72.50859106529208,37.91469194312796
F0815,B787,Chennai-Dubai,4.04,1.32,2930,290,238,82.06896551724138,52,5.36,75.3731343283582,32.67326732673268
F0154,A320,Mumbai-Bengaluru,1.63,0.86,845,180,176,97.77777777777777,4,2.4899999999999998,65.46184738955823,52.76073619631902
F0261,B737-800,Mumbai-Delhi,1.94,0.67,1148,189,162,85.71428571428571,27,2.61,74.32950191570882,34.53608247422681
F0933,A320,Chennai-Mumbai,2.11,0.82,1034,180,164,91.11111111111111,16,2.9299999999999997,72.01365187713311,38.862559241706165
F0251,B787,Chennai-Mumbai,1.88,1.2,1034,290,230,79.3103448275862,60,3.08,61.038961038961034,63.829787234042556
F0492,A320,Bengaluru-Kolkata,2.28,0.68,1540,180,136,75.55555555555556,44,2.96,77.02702702702702,29.824561403508774
F0211,ATR 72,Bengaluru-Kolkata,2.71,0.52,1540,72,68,94.44444444444444,4,3.23,83.90092879256966,19.18819188191882
F0875,A321,Delhi-Bengaluru,2.75,1.07,1740,220,174,79.0909090909091,46,3.8200000000000003,71.98952879581151,38.90909090909091
F0969,A320,Delhi-Bengaluru,2.73,0.71,1740,180,176,97.77777777777777,4,3.44,79.36046511627907,26.007326007326004
F0421,A320,Mumbai-Delhi,2.07,0.75,1148,180,167,92.77777777777779,13,2.82,73.40425531914893,36.23188405797102
F0668,A321,Mumbai-Dubai,3.33,0.63,1930,220,216,98.18181818181819,4,3.96,84.0909090909091,18.91891891891892
F0025,A320,Chennai-Dubai,4.33,0.9,2930,180,145,80.55555555555556,35,5.23,82.79158699808795,20.785219399538107
F0480,A321,Delhi-Singapore,5.65,0.65,4160,220,190,86.36363636363636,30,6.300000000000001,89.68253968253967,11.504424778761061
F0294,A350,Mumbai-Dubai,3.28,1.42,1930,325,260,80.0,65,4.699999999999999,69.78723404255321,43.292682926829265
F0113,ATR 72,Mumbai-Delhi,2.3,0.49,1148,72,67,93.05555555555556,5,2.79,82.43727598566308,21.304347826086957
F0123,B737-800,Mumbai-Delhi,2.11,0.92,1148,189,169,89.41798941798942,20,3.03,69.63696369636963,43.601895734597164
F0652,A320,Delhi-Bengaluru,2.68,0.66,1740,180,169,93.88888888888889,11,3.3400000000000003,80.23952095808383,24.62686567164179
F0314,B737-800,Mumbai-Bengaluru,1.66,0.46,845,189,174,92.06349206349206,15,2.12,78.30188679245282,27.710843373493976
F0132,A320,Mumbai-Delhi,1.8,0.84,1148,180,176,97.77777777777777,4,2.64,68.18181818181817,46.666666666666664
F0527,ATR 72,Mumbai-Kolkata,2.89,0.54,1660,72,63,87.5,9,3.43,84.25655976676384,18.685121107266436
F0335,A321,Mumbai-Dubai,3.39,0.73,1930,220,202,91.81818181818183,18,4.12,82.28155339805825,21.533923303834808
F0064,B737-800,Mumbai-Delhi,2.01,0.74,1148,189,157,83.06878306878306,32,2.75,73.09090909090908,36.81592039800996
F0167,A321,Delhi-Bengaluru,2.82,0.85,1740,220,171,77.72727272727272,49,3.67,76.83923705722071,30.141843971631204
F0816,ATR 72,Bengaluru-Hyderabad,1.15,0.35,500,72,70,97.22222222222221,2,1.5,76.66666666666666,30.434782608695656
F0662,ATR 72,Bengaluru-Kolkata,2.65,0.48,1540,72,61,84.72222222222221,11,3.13,84.66453674121406,18.11320754716981
F0661,A320,Chennai-Bengaluru,0.85,0.61,290,180,173,96.11111111111111,7,1.46,58.21917808219178,71.76470588235294
F0785,B787,Delhi-Hyderabad,2.11,1.39,1260,290,228,78.62068965517241,62,3.5,60.285714285714285,65.87677725118483
F0386,A320,Delhi-Singapore,5.74,0.67,4160,180,165,91.66666666666666,15,6.41,89.54758190327613,11.67247386759582
F0265,A320,Hyderabad-Kolkata,2.15,0.88,1180,180,171,95.0,9,3.03,70.95709570957096,40.93023255813954
F0380,B737-800,Delhi-Singapore,5.8,0.82,4160,189,182,96.29629629629629,7,6.62,87.6132930513595,14.13793103448276
F0140,A350,Chennai-Hyderabad,1.15,1.44,515,325,218,67.07692307692308,107,2.59,44.4015444015444,125.21739130434784
F0636,B737-800,Mumbai-Bengaluru,1.61,0.66,845,189,168,88.88888888888889,21,2.27,70.9251101321586,40.993788819875775
F0054,B737-800,Chennai-Mumbai,2.2,0.8,1034,189,142,75.13227513227513,47,3.0,73.33333333333334,36.36363636363637
F0093,A320,Bengaluru-Hyderabad,0.91,0.92,500,180,176,97.77777777777777,4,1.83,49.72677595628415,101.0989010989011
F0587,A321,Delhi-Dubai,3.55,0.84,2190,220,186,84.54545454545455,34,4.39,80.86560364464692,23.661971830985916
F0708,A350,Delhi-Singapore,5.59,1.57,4160,325,227,69.84615384615384,98,7.16,78.07262569832402,28.085867620751344
F0118,A321,Mumbai-Bengaluru,1.57,0.98,845,220,181,82.27272727272728,39,2.55,61.568627450980394,62.42038216560509
F0569,A320,Chennai-Hyderabad,1.32,1.22,515,180,161,89.44444444444444,19,2.54,51.96850393700787,92.42424242424242
F0927,B787,Chennai-Bengaluru,0.78,1.37,290,290,281,96.89655172413794,9,2.1500000000000004,36.279069767441854,175.64102564102564
F0868,A321,Chennai-Mumbai,2.0,0.73,1034,220,191,86.81818181818181,29,2.73,73.26007326007326,36.5
F0801,B737-800,Chennai-Hyderabad,1.04,0.75,515,189,146,77.24867724867724,43,1.79,58.10055865921788,72.11538461538461
F0087,B737-800,Delhi-Kolkata,2.33,0.63,1305,189,168,88.88888888888889,21,2.96,78.71621621621621,27.03862660944206
F0828,A321,Chennai-Hyderabad,1.1,0.94,515,220,186,84.54545454545455,34,2.04,53.92156862745099,85.45454545454544
F0945,B737-800,Mumbai-Singapore,5.66,0.62,3930,189,159,84.12698412698413,30,6.28,90.12738853503186,10.954063604240282
F0084,A321,Chennai-Bengaluru,0.67,1.27,290,220,189,85.9090909090909,31,1.94,34.53608247422681,189.55223880597015
F0507,A320,Chennai-Singapore,4.14,0.74,2920,180,159,88.33333333333333,21,4.88,84.8360655737705,17.8743961352657
F0737,B737-800,Mumbai-Singapore,5.7,0.61,3930,189,147,77.77777777777779,42,6.3100000000000005,90.33280507131536,10.701754385964913
F0365,B737-800,Mumbai-Delhi,1.9,1.05,1148,189,151,79.8941798941799,38,2.95,64.40677966101694,55.26315789473685
F0833,B737-800,Bengaluru-Hyderabad,0.97,0.99,500,189,179,94.70899470899471,10,1.96,49.48979591836735,102.06185567010309
F0746,A320,Delhi-Kolkata,2.14,0.84,1305,180,138,76.66666666666667,42,2.98,71.81208053691276,39.25233644859813
F0669,A320,Delhi-Kolkata,2.38,0.74,1305,180,162,90.0,18,3.12,76.28205128205127,31.092436974789916
F0532,A320,Bengaluru-Hyderabad,0.93,0.91,500,180,176,97.77777777777777,4,1.84,50.54347826086957,97.84946236559139
F0598,A320,Chennai-Hyderabad,1.13,0.59,515,180,147,81.66666666666667,33,1.7199999999999998,65.69767441860466,52.21238938053098
F0101,A321,Mumbai-Bengaluru,1.74,0.87,845,220,138,62.727272727272734,82,2.61,66.66666666666667,50.0
F0342,A350,Bengaluru-Kolkata,2.44,1.4,1540,325,239,73.53846153846155,86,3.84,63.541666666666664,57.377049180327866
F0663,A321,Mumbai-Singapore,5.61,0.78,3930,220,167,75.9090909090909,53,6.390000000000001,87.79342723004694,13.903743315508022
F0839,A320,Delhi-Bengaluru,2.72,0.69,1740,180,176,97.77777777777777,4,3.41,79.76539589442815,25.36764705882353
F0558,A321,Mumbai-Kolkata,2.52,0.86,1660,220,168,76.36363636363637,52,3.38,74.55621301775149,34.12698412698413
F0518,B737-800,Mumbai-Delhi,1.91,0.44,1148,189,182,96.29629629629629,7,2.35,81.27659574468085,23.03664921465969
F0721,B737-800,Mumbai-Delhi,2.08,0.8,1148,189,162,85.71428571428571,27,2.88,72.22222222222223,38.46153846153847
F0022,B737-800,Mumbai-Delhi,1.98,0.68,1148,189,180,95.23809523809523,9,2.66,74.4360902255639,34.343434343434346
F0214,ATR 72,Mumbai-Dubai,3.77,0.73,1930,72,64,88.88888888888889,8,4.5,83.77777777777777,19.363395225464192
F0208,B737-800,Chennai-Mumbai,1.95,0.94,1034,189,155,82.01058201058201,34,2.8899999999999997,67.47404844290658,48.205128205128204
F0613,A320,Chennai-Delhi,2.81,0.75,1760,180,132,73.33333333333333,48,3.56,78.93258426966293,26.690391459074732
F0476,B737-800,Chennai-Mumbai,2.03,0.84,1034,189,155,82.01058201058201,34,2.8699999999999997,70.73170731707317,41.379310344827594
F0205,ATR 72,Chennai-Bengaluru,0.83,0.38,290,72,58,80.55555555555556,14,1.21,68.59504132231405,45.78313253012048
F0650,A321,Delhi-Dubai,3.55,0.92,2190,220,190,86.36363636363636,30,4.47,79.41834451901566,25.915492957746483
F0419,A320,Chennai-Mumbai,2.0,0.89,1034,180,130,72.22222222222221,50,2.89,69.20415224913495,44.5
F0039,A320,Mumbai-Kolkata,2.64,0.94,1660,180,133,73.88888888888889,47,3.58,73.74301675977654,35.6060606060606
F0274,A321,Delhi-Dubai,3.51,0.8,2190,220,186,84.54545454545455,34,4.31,81.4385150812065,22.792022792022795
F0939,A321,Mumbai-Singapore,5.77,0.71,3930,220,182,82.72727272727273,38,6.4799999999999995,89.0432098765432,12.305025996533796
F0155,A320,Chennai-Hyderabad,0.92,0.96,515,180,140,77.77777777777779,40,1.88,48.93617021276596,104.34782608695652
F0962,A320,Bengaluru-Hyderabad,1.0,0.47,500,180,155,86.11111111111111,25,1.47,68.02721088435374,47.0
F0020,ATR 72,Hyderabad-Kolkata,2.09,0.45,1180,72,46,63.888888888888886,26,2.54,82.28346456692913,21.5311004784689
F0856,A320,Hyderabad-Kolkata,2.2,0.89,1180,180,122,67.77777777777779,58,3.0900000000000003,71.19741100323624,40.45454545454545
F0239,B737-800,Mumbai-Delhi,2.23,0.69,1148,189,177,93.65079365079364,12,2.92,76.36986301369863,30.94170403587444
F0866,B737-800,Hyderabad-Kolkata,1.97,0.91,1180,189,129,68.25396825396825,60,2.88,68.40277777777779,46.192893401015226
F0276,B737-800,Mumbai-Singapore,5.62,0.88,3930,189,151,79.8941798941799,38,6.5,86.46153846153847,15.658362989323843
F0100,B737-800,Delhi-Bengaluru,2.77,0.78,1740,189,171,90.47619047619048,18,3.55,78.02816901408451,28.158844765342963
F0498,A320,Mumbai-Delhi,2.04,0.86,1148,180,174,96.66666666666667,6,2.9,70.3448275862069,42.15686274509804
F0803,B787,Chennai-Singapore,4.61,0.66,2920,290,238,82.06896551724138,52,5.2700000000000005,87.4762808349146,14.316702819956618
F0889,A320,Chennai-Mumbai,2.1,0.78,1034,180,152,84.44444444444444,28,2.88,72.91666666666667,37.142857142857146
F0077,B737-800,Mumbai-Kolkata,2.69,0.61,1660,189,120,63.49206349206349,69,3.3,81.51515151515152,22.676579925650557
F0664,A320,Delhi-Dubai,3.68,0.58,2190,180,161,89.44444444444444,19,4.26,86.3849765258216,15.760869565217389
F0726,A320,Chennai-Hyderabad,1.13,0.64,515,180,149,82.77777777777777,31,1.77,63.84180790960451,56.63716814159293
F0119,A350,Chennai-Dubai,3.99,1.13,2930,325,249,76.61538461538461,76,5.12,77.9296875,28.32080200501253
F0952,A321,Delhi-Hyderabad,2.16,1.03,1260,220,177,80.45454545454545,43,3.1900000000000004,67.7115987460815,47.68518518518518
F0564,A321,Delhi-Bengaluru,2.87,1.03,1740,220,200,90.9090909090909,20,3.9000000000000004,73.58974358974358,35.88850174216028
F0655,A321,Chennai-Kolkata,2.16,0.76,1360,220,176,80.0,44,2.92,73.97260273972603,35.18518518518518
F0676,B737-800,Mumbai-Singapore,5.6,0.73,3930,189,140,74.07407407407408,49,6.33,88.46761453396523,13.035714285714286
F0529,ATR 72,Delhi-Dubai,3.84,0.55,2190,72,68,94.44444444444444,4,4.39,87.47152619589977,14.322916666666668
F0410,A320,Delhi-Singapore,6.46,0.57,4160,180,145,80.55555555555556,35,7.03,91.89189189189189,8.823529411764705
F0929,B737-800,Delhi-Hyderabad,2.17,0.97,1260,189,150,79.36507936507937,39,3.1399999999999997,69.10828025477707,44.70046082949309
F0615,A320,Hyderabad-Kolkata,2.08,0.57,1180,180,119,66.11111111111111,61,2.65,78.49056603773586,27.40384615384615
F0369,A320,Mumbai-Delhi,2.06,0.84,1148,180,127,70.55555555555556,53,2.9,71.0344827586207,40.77669902912621
F0308,A320,Chennai-Delhi,2.68,0.73,1760,180,129,71.66666666666667,51,3.41,78.59237536656892,27.23880597014925
F0834,A320,Hyderabad-Kolkata,1.95,0.93,1180,180,122,67.77777777777779,58,2.88,67.70833333333334,47.69230769230769
F0026,A321,Chennai-Hyderabad,1.0,0.97,515,220,169,76.81818181818181,51,1.97,50.76142131979695,97.0
F0539,B737-800,Mumbai-Kolkata,2.66,0.78,1660,189,127,67.1957671957672,62,3.4400000000000004,77.32558139534883,29.32330827067669
F0648,A320,Bengaluru-Hyderabad,0.98,0.91,500,180,176,97.77777777777777,4,1.8900000000000001,51.85185185185185,92.85714285714286
F0482,A350,Chennai-Dubai,4.08,1.24,2930,325,199,61.23076923076923,126,5.32,76.69172932330827,30.392156862745097
F0135,A321,Hyderabad-Kolkata,2.14,0.8,1180,220,172,78.18181818181819,48,2.9400000000000004,72.7891156462585,37.38317757009346
F0367,B737-800,Chennai-Bengaluru,0.82,0.63,290,189,185,97.88359788359789,4,1.45,56.55172413793104,76.82926829268293
F0880,A321,Mumbai-Bengaluru,1.63,1.16,845,220,215,97.72727272727273,5,2.79,58.422939068100355,71.16564417177914
F0229,A320,Bengaluru-Kolkata,2.46,0.93,1540,180,142,78.88888888888889,38,3.39,72.56637168141593,37.80487804878049
F0046,A320,Mumbai-Delhi,1.96,0.9,1148,180,151,83.88888888888889,29,2.86,68.53146853146853,45.91836734693878
F0374,A321,Chennai-Hyderabad,1.07,0.8,515,220,187,85.0,33,1.87,57.21925133689839,74.76635514018692
F0814,A320,Chennai-Dubai,4.55,0.44,2930,180,162,90.0,18,4.99,91.18236472945891,9.670329670329672
F0449,A320,Mumbai-Delhi,2.1,0.51,1148,180,166,92.22222222222223,14,2.6100000000000003,80.45977011494251,24.285714285714285
F0827,B787,Bengaluru-Hyderabad,0.99,1.26,500,290,234,80.6896551724138,56,2.25,44.0,127.27272727272727
F0627,B737-800,Mumbai-Singapore,5.53,0.77,3930,189,149,78.83597883597884,40,6.300000000000001,87.77777777777777,13.924050632911392
F0916,A321,Bengaluru-Kolkata,2.44,0.93,1540,220,155,70.45454545454545,65,3.37,72.40356083086053,38.114754098360656
F0147,ATR 72,Bengaluru-Kolkata,2.63,0.54,1540,72,58,80.55555555555556,14,3.17,82.96529968454259,20.532319391634985
F0344,B737-800,Delhi-Hyderabad,2.27,0.63,1260,189,133,70.37037037037037,56,2.9,78.27586206896552,27.75330396475771
F0992,B737-800,Mumbai-Delhi,2.02,0.8,1148,189,161,85.18518518518519,28,2.8200000000000003,71.63120567375886,39.603960396039604
F0729,A320,Chennai-Hyderabad,1.14,0.72,515,180,142,78.88888888888889,38,1.8599999999999999,61.29032258064516,63.15789473684211
F0442,B737-800,Chennai-Dubai,4.25,0.78,2930,189,167,88.35978835978835,22,5.03,84.49304174950298,18.352941176470587
F0320,A320,Bengaluru-Kolkata,2.45,0.7,1540,180,145,80.55555555555556,35,3.1500000000000004,77.77777777777779,28.57142857142857
F0179,A321,Bengaluru-Hyderabad,0.97,0.82,500,220,182,82.72727272727273,38,1.79,54.1899441340782,84.5360824742268
F0422,ATR 72,Chennai-Mumbai,2.34,0.56,1034,72,64,88.88888888888889,8,2.9,80.6896551724138,23.931623931623935
F0604,ATR 72,Delhi-Kolkata,2.47,0.64,1305,72,70,97.22222222222221,2,3.1100000000000003,79.42122186495176,25.910931174089068
F0075,A321,Chennai-Bengaluru,0.76,0.9,290,220,176,80.0,44,1.6600000000000001,45.78313253012048,118.42105263157893
F0849,A321,Mumbai-Kolkata,2.67,0.59,1660,220,161,73.18181818181819,59,3.26,81.90184049079755,22.097378277153556
F0004,A321,Mumbai-Kolkata,2.5,0.81,1660,220,160,72.72727272727273,60,3.31,75.52870090634441,32.4
F0197,A320,Mumbai-Dubai,3.16,0.72,1930,180,176,97.77777777777777,4,3.88,81.44329896907217,22.78481012658228
F0996,A320,Chennai-Delhi,2.72,0.94,1760,180,116,64.44444444444444,64,3.66,74.31693989071039,34.55882352941176
F0346,B737-800,Delhi-Hyderabad,2.33,0.98,1260,189,148,78.3068783068783,41,3.31,70.39274924471299,42.06008583690987
F0060,B787,Mumbai-Singapore,5.65,1.27,3930,290,244,84.13793103448276,46,6.92,81.64739884393065,22.47787610619469
F0216,A350,Delhi-Hyderabad,2.26,1.59,1260,325,233,71.6923076923077,92,3.8499999999999996,58.7012987012987,70.35398230088497
F0023,A321,Hyderabad-Kolkata,1.86,0.64,1180,220,151,68.63636363636364,69,2.5,74.4,34.40860215053763
F0027,A321,Chennai-Hyderabad,1.13,0.88,515,220,187,85.0,33,2.01,56.21890547263681,77.87610619469028
F0254,B737-800,Delhi-Bengaluru,2.96,0.83,1740,189,170,89.94708994708994,19,3.79,78.10026385224275,28.040540540540537
F0158,A321,Mumbai-Dubai,3.24,1.0,1930,220,210,95.45454545454545,10,4.24,76.41509433962264,30.864197530864196
F0817,B787,Mumbai-Kolkata,2.54,1.38,1660,290,225,77.58620689655173,65,3.92,64.79591836734694,54.33070866141732
F0656,A321,Mumbai-Bengaluru,1.64,0.82,845,220,155,70.45454545454545,65,2.46,66.66666666666666,50.0
F0848,A320,Chennai-Singapore,4.2,1.0,2920,180,157,87.22222222222223,23,5.2,80.76923076923077,23.809523809523807
F0730,A320,Chennai-Delhi,2.78,0.59,1760,180,131,72.77777777777777,49,3.3699999999999997,82.49258160237389,21.223021582733814
F0416,B787,Hyderabad-Kolkata,2.2,1.34,1180,290,184,63.44827586206897,106,3.54,62.14689265536724,60.909090909090914
F0734,B737-800,Bengaluru-Hyderabad,0.84,0.88,500,189,161,85.18518518518519,28,1.72,48.837209302325576,104.76190476190477
F0750,ATR 72,Delhi-Bengaluru,3.16,0.56,1740,72,58,80.55555555555556,14,3.72,84.94623655913979,17.72151898734177
F0956,ATR 72,Chennai-Hyderabad,1.09,0.81,515,72,56,77.77777777777779,16,1.9000000000000001,57.36842105263158,74.31192660550458
F0478,B737-800,Chennai-Hyderabad,1.09,0.73,515,189,148,78.3068783068783,41,1.82,59.89010989010989,66.97247706422019
F0920,B737-800,Mumbai-Dubai,3.22,0.61,1930,189,157,83.06878306878306,32,3.83,84.07310704960835,18.944099378881987
F0984,A321,Mumbai-Bengaluru,1.77,0.9,845,220,172,78.18181818181819,48,2.67,66.29213483146069,50.847457627118644
F0735,A320,Delhi-Dubai,3.51,0.9,2190,180,131,72.77777777777777,49,4.41,79.59183673469387,25.641025641025646
F0820,A320,Chennai-Hyderabad,0.94,0.83,515,180,164,91.11111111111111,16,1.77,53.10734463276836,88.29787234042553
F0405,B737-800,Mumbai-Dubai,3.48,0.82,1930,189,148,78.3068783068783,41,4.3,80.93023255813954,23.563218390804597
F0861,ATR 72,Bengaluru-Kolkata,2.56,0.59,1540,72,66,91.66666666666666,6,3.15,81.26984126984127,23.046874999999996
F0269,A350,Mumbai-Bengaluru,1.52,1.2,845,325,305,93.84615384615384,20,2.7199999999999998,55.88235294117647,78.94736842105263
F0690,A320,Chennai-Dubai,4.58,0.35,2930,180,174,96.66666666666667,6,4.93,92.90060851926978,7.641921397379912
F0980,A321,Chennai-Mumbai,2.19,1.02,1034,220,155,70.45454545454545,65,3.21,68.22429906542055,46.57534246575343
F0162,ATR 72,Mumbai-Dubai,3.63,0.36,1930,72,58,80.55555555555556,14,3.9899999999999998,90.97744360902256,9.917355371900827
F0936,A320,Mumbai-Bengaluru,1.54,0.71,845,180,175,97.22222222222221,5,2.25,68.44444444444444,46.103896103896105
F0503,B737-800,Delhi-Dubai,3.54,0.76,2190,189,139,73.54497354497354,50,4.3,82.32558139534885,21.468926553672315
F0272,A321,Chennai-Delhi,2.73,0.97,1760,220,175,79.54545454545455,45,3.7,73.78378378378379,35.53113553113553
F0097,B737-800,Chennai-Hyderabad,1.04,1.27,515,189,171,90.47619047619048,18,2.31,45.02164502164502,122.1153846153846
F0080,B737-800,Delhi-Dubai,3.44,0.81,2190,189,139,73.54497354497354,50,4.25,80.94117647058823,23.54651162790698
F0144,A320,Mumbai-Bengaluru,1.54,0.82,845,180,165,91.66666666666666,15,2.36,65.2542372881356,53.246753246753244
F0462,B737-800,Chennai-Mumbai,1.83,0.67,1034,189,156,82.53968253968253,33,2.5,73.2,36.6120218579235
F0271,A350,Delhi-Bengaluru,2.78,1.4,1740,325,286,88.0,39,4.18,66.50717703349282,50.35971223021583
F0842,A320,Delhi-Hyderabad,2.24,0.96,1260,180,138,76.66666666666667,42,3.2,70.0,42.85714285714285
F0002,A320,Delhi-Singapore,5.86,0.86,4160,180,161,89.44444444444444,19,6.720000000000001,87.20238095238095,14.675767918088736
F0770,ATR 72,Chennai-Hyderabad,1.17,0.41,515,72,62,86.11111111111111,10,1.5799999999999998,74.05063291139241,35.04273504273504
F0351,A321,Delhi-Singapore,5.83,0.77,4160,220,175,79.54545454545455,45,6.6,88.33333333333334,13.20754716981132
F0705,A350,Hyderabad-Kolkata,1.78,1.36,1180,325,181,55.69230769230769,144,3.14,56.68789808917197,76.40449438202248
F0407,B737-800,Chennai-Singapore,4.33,0.66,2920,189,185,97.88359788359789,4,4.99,86.77354709418837,15.242494226327945
F0548,ATR 72,Chennai-Bengaluru,0.83,0.67,290,72,63,87.5,9,1.5,55.333333333333336,80.72289156626506
F0435,B787,Mumbai-Singapore,5.56,1.21,3930,290,207,71.37931034482759,83,6.77,82.12703101920236,21.762589928057555
F0051,B787,Delhi-Dubai,3.61,1.23,2190,290,232,80.0,58,4.84,74.58677685950413,34.07202216066482
F0836,A321,Chennai-Delhi,2.86,0.83,1760,220,189,85.9090909090909,31,3.69,77.50677506775068,29.02097902097902
F0397,B737-800,Delhi-Hyderabad,2.19,0.68,1260,189,178,94.17989417989418,11,2.87,76.30662020905923,31.050228310502288
F0393,ATR 72,Mumbai-Delhi,2.23,0.5,1148,72,70,97.22222222222221,2,2.73,81.68498168498168,22.421524663677133
F0788,A321,Delhi-Singapore,6.39,0.59,4160,220,182,82.72727272727273,38,6.9799999999999995,91.54727793696276,9.233176838810643
F0774,ATR 72,Mumbai-Kolkata,2.77,0.58,1660,72,55,76.38888888888889,17,3.35,82.68656716417911,20.938628158844764
F0388,A350,Chennai-Kolkata,2.23,1.34,1360,325,218,67.07692307692308,107,3.5700000000000003,62.46498599439775,60.08968609865472
F0965,A320,Mumbai-Delhi,1.75,0.67,1148,180,154,85.55555555555556,26,2.42,72.31404958677686,38.28571428571429
F0235,B737-800,Chennai-Delhi,2.55,0.66,1760,189,116,61.37566137566137,73,3.21,79.43925233644859,25.882352941176475
F0391,A320,Chennai-Kolkata,2.31,0.77,1360,180,144,80.0,36,3.08,75.0,33.33333333333333
F0782,A320,Mumbai-Singapore,5.69,0.66,3930,180,152,84.44444444444444,28,6.3500000000000005,89.60629921259843,11.599297012302284
F0556,B737-800,Mumbai-Delhi,2.07,0.59,1148,189,166,87.83068783068782,23,2.6599999999999997,77.81954887218046,28.502415458937197
F0459,A321,Delhi-Singapore,5.8,0.84,4160,220,169,76.81818181818181,51,6.64,87.34939759036145,14.482758620689657
F0764,A350,Delhi-Bengaluru,2.78,1.34,1740,325,276,84.92307692307692,49,4.12,67.4757281553398,48.201438848920866
F0940,B787,Mumbai-Singapore,5.75,1.14,3930,290,206,71.03448275862068,84,6.89,83.45428156748912,19.82608695652174
F0546,ATR 72,Mumbai-Kolkata,2.86,0.62,1660,72,54,75.0,18,3.48,82.183908045977,21.67832167832168
F0436,B737-800,Delhi-Singapore,5.91,0.76,4160,189,173,91.53439153439153,16,6.67,88.6056971514243,12.859560067681894
F0128,ATR 72,Hyderabad-Kolkata,2.17,0.65,1180,72,45,62.5,27,2.82,76.95035460992908,29.95391705069125
F0067,A321,Delhi-Hyderabad,2.15,0.76,1260,220,199,90.45454545454545,21,2.91,73.88316151202748,35.348837209302324
F0409,A321,Chennai-Singapore,4.48,0.69,2920,220,179,81.36363636363636,41,5.17,86.65377176015475,15.401785714285712
F0252,ATR 72,Chennai-Hyderabad,1.16,0.67,515,72,63,87.5,9,1.83,63.3879781420765,57.75862068965518
F0678,A320,Hyderabad-Kolkata,2.13,0.58,1180,180,136,75.55555555555556,44,2.71,78.59778597785979,27.230046948356808
F0095,A320,Mumbai-Kolkata,2.39,0.53,1660,180,155,86.11111111111111,25,2.92,81.84931506849315,22.17573221757322
F0400,A320,Chennai-Singapore,4.47,0.58,2920,180,163,90.55555555555556,17,5.05,88.51485148514851,12.97539149888143
F0494,ATR 72,Chennai-Mumbai,2.1,0.41,1034,72,56,77.77777777777779,16,2.5100000000000002,83.66533864541832,19.523809523809522
F0471,B737-800,Bengaluru-Hyderabad,1.08,1.33,500,189,152,80.42328042328042,37,2.41,44.81327800829876,123.14814814814814
F0228,A320,Delhi-Hyderabad,2.19,0.91,1260,180,128,71.11111111111111,52,3.1,70.64516129032258,41.55251141552512
F0437,A321,Mumbai-Singapore,5.6,0.84,3930,220,172,78.18181818181819,48,6.4399999999999995,86.95652173913044,15.0
F0293,A321,Chennai-Singapore,4.24,0.96,2920,220,179,81.36363636363636,41,5.2,81.53846153846153,22.641509433962263
F0513,B737-800,Hyderabad-Kolkata,2.11,1.03,1180,189,141,74.60317460317461,48,3.1399999999999997,67.19745222929937,48.81516587677726
F0285,A321,Bengaluru-Hyderabad,1.14,1.02,500,220,216,98.18181818181819,4,2.16,52.77777777777777,89.47368421052633
F0092,A320,Delhi-Hyderabad,2.19,0.74,1260,180,132,73.33333333333333,48,2.9299999999999997,74.74402730375427,33.789954337899545
F0115,A320,Chennai-Singapore,4.31,0.65,2920,180,141,78.33333333333333,39,4.96,86.89516129032258,15.081206496519723
F0949,A320,Mumbai-Delhi,2.07,0.84,1148,180,156,86.66666666666667,24,2.9099999999999997,71.1340206185567,40.57971014492754
F0230,A321,Hyderabad-Kolkata,1.99,1.01,1180,220,124,56.36363636363636,96,3.0,66.33333333333333,50.753768844221106
F0907,B787,Hyderabad-Kolkata,1.85,1.34,1180,290,189,65.17241379310344,101,3.1900000000000004,57.9937304075235,72.43243243243244
F0323,ATR 72,Chennai-Mumbai,2.41,0.5,1034,72,67,93.05555555555556,5,2.91,82.81786941580756,20.746887966804977
F0327,B737-800,Chennai-Bengaluru,0.71,0.68,290,189,149,78.83597883597884,40,1.3900000000000001,51.07913669064747,95.77464788732397
F0570,A320,Bengaluru-Hyderabad,0.87,0.52,500,180,153,85.0,27,1.3900000000000001,62.589928057553955,59.77011494252874
F0728,B787,Delhi-Hyderabad,2.03,1.39,1260,290,222,76.55172413793103,68,3.42,59.356725146198826,68.4729064039409
F0568,A321,Delhi-Bengaluru,2.91,0.86,1740,220,184,83.63636363636363,36,3.77,77.18832891246684,29.553264604810998
F0674,ATR 72,Chennai-Mumbai,2.2,0.51,1034,72,58,80.55555555555556,14,2.71,81.1808118081181,23.18181818181818
F0749,ATR 72,Mumbai-Kolkata,2.81,0.69,1660,72,52,72.22222222222221,20,3.5,80.28571428571428,24.555160142348754
F0434,A320,Mumbai-Singapore,5.69,0.76,3930,180,140,77.77777777777779,40,6.45,88.2170542635659,13.356766256590507
F0353,A320,Chennai-Kolkata,2.35,0.92,1360,180,140,77.77777777777779,40,3.27,71.86544342507646,39.148936170212764
F0894,A320,Chennai-Dubai,4.26,0.67,2930,180,143,79.44444444444444,37,4.93,86.40973630831643,15.727699530516434
F0156,A320,Chennai-Kolkata,2.05,0.59,1360,180,127,70.55555555555556,53,2.6399999999999997,77.65151515151516,28.780487804878053
F0074,B787,Chennai-Mumbai,2.09,1.36,1034,290,193,66.55172413793103,97,3.45,60.57971014492753,65.07177033492823
F0926,A350,Delhi-Kolkata,2.28,1.64,1305,325,255,78.46153846153847,70,3.92,58.16326530612245,71.9298245614035
F0262,A320,Mumbai-Dubai,3.24,0.81,1930,180,146,81.11111111111111,34,4.050000000000001,80.0,25.0
F0659,A350,Bengaluru-Kolkata,2.41,1.22,1540,325,217,66.76923076923077,108,3.63,66.39118457300276,50.62240663900415
F0775,A321,Delhi-Dubai,3.58,0.82,2190,220,197,89.54545454545455,23,4.4,81.36363636363636,22.90502793296089
F0703,A320,Bengaluru-Kolkata,2.34,0.88,1540,180,121,67.22222222222223,59,3.2199999999999998,72.67080745341616,37.606837606837615
F0141,A350,Delhi-Singapore,5.64,1.47,4160,325,259,79.6923076923077,66,7.109999999999999,79.32489451476793,26.063829787234045
F0727,A321,Chennai-Hyderabad,0.82,1.27,515,220,170,77.27272727272727,50,2.09,39.23444976076555,154.8780487804878
F0310,A321,Chennai-Dubai,4.62,0.53,2930,220,156,70.9090909090909,64,5.15,89.70873786407768,11.471861471861471
F0331,A320,Mumbai-Singapore,5.56,0.75,3930,180,151,83.88888888888889,29,6.31,88.11410459587957,13.489208633093527
F0692,B737-800,Chennai-Mumbai,2.02,0.89,1034,189,161,85.18518518518519,28,2.91,69.41580756013745,44.05940594059406
F0184,A321,Hyderabad-Kolkata,2.12,0.7,1180,220,139,63.18181818181819,81,2.8200000000000003,75.177304964539,33.0188679245283
F0052,B737-800,Bengaluru-Hyderabad,0.98,0.84,500,189,152,80.42328042328042,37,1.8199999999999998,53.846153846153854,85.71428571428571
F0288,A321,Chennai-Bengaluru,0.64,0.9,290,220,216,98.18181818181819,4,1.54,41.55844155844156,140.625
F0779,B737-800,Mumbai-Bengaluru,1.82,0.75,845,189,179,94.70899470899471,10,2.5700000000000003,70.81712062256808,41.208791208791204
F0131,A350,Chennai-Kolkata,2.16,1.32,1360,325,187,57.53846153846154,138,3.4800000000000004,62.06896551724138,61.11111111111111
F0802,A321,Delhi-Kolkata,2.28,0.66,1305,220,150,68.18181818181817,70,2.94,77.55102040816327,28.947368421052634
F0443,B787,Chennai-Dubai,4.06,1.46,2930,290,246,84.82758620689656,44,5.52,73.55072463768116,35.960591133004925
F0671,A350,Delhi-Bengaluru,2.81,1.17,1740,325,274,84.3076923076923,51,3.98,70.60301507537689,41.637010676156585
F0070,B787,Bengaluru-Kolkata,2.33,1.24,1540,290,179,61.724137931034484,111,3.5700000000000003,65.26610644257703,53.21888412017167
F0941,A320,Mumbai-Kolkata,2.54,0.89,1660,180,112,62.22222222222222,68,3.43,74.05247813411079,35.039370078740156
F0015,A320,Mumbai-Dubai,2.91,0.58,1930,180,172,95.55555555555556,8,3.49,83.3810888252149,19.93127147766323
F0867,ATR 72,Chennai-Kolkata,2.32,0.67,1360,72,51,70.83333333333334,21,2.9899999999999998,77.59197324414716,28.87931034482759
F0423,A320,Delhi-Singapore,5.57,1.02,4160,180,138,76.66666666666667,42,6.59,84.52200303490137,18.31238779174147
F0347,B737-800,Mumbai-Singapore,5.52,0.58,3930,189,153,80.95238095238095,36,6.1,90.49180327868852,10.507246376811594
F0415,B787,Mumbai-Kolkata,2.51,1.17,1660,290,206,71.03448275862068,84,3.6799999999999997,68.20652173913044,46.61354581673307
F0607,A321,Chennai-Hyderabad,1.0,0.88,515,220,163,74.0909090909091,57,1.88,53.191489361702125,88.0
F0203,B737-800,Delhi-Bengaluru,2.79,0.75,1740,189,163,86.24338624338624,26,3.54,78.8135593220339,26.881720430107524
F0585,A320,Chennai-Singapore,4.49,0.46,2920,180,146,81.11111111111111,34,4.95,90.7070707070707,10.244988864142538
F0177,A350,Mumbai-Singapore,5.73,1.65,3930,325,229,70.46153846153847,96,7.380000000000001,77.64227642276423,28.795811518324605
F0967,A350,Mumbai-Singapore,5.43,1.19,3930,325,209,64.3076923076923,116,6.619999999999999,82.02416918429005,21.915285451197054
F0431,ATR 72,Chennai-Mumbai,2.21,0.55,1034,72,53,73.61111111111111,19,2.76,80.07246376811594,24.886877828054303
F0893,B737-800,Mumbai-Kolkata,2.46,0.88,1660,189,153,80.95238095238095,36,3.34,73.65269461077844,35.77235772357724
F0784,A321,Mumbai-Bengaluru,1.62,0.86,845,220,175,79.54545454545455,45,2.48,65.3225806451613,53.08641975308641
F0124,A321,Bengaluru-Kolkata,2.37,0.72,1540,220,162,73.63636363636363,58,3.09,76.6990291262136,30.379746835443033
F0149,A350,Mumbai-Dubai,3.39,1.39,1930,325,291,89.53846153846153,34,4.78,70.92050209205021,41.00294985250737
F0125,ATR 72,Delhi-Hyderabad,2.33,0.48,1260,72,53,73.61111111111111,19,2.81,82.91814946619218,20.600858369098713
F0065,B737-800,Mumbai-Singapore,5.68,0.64,3930,189,140,74.07407407407408,49,6.319999999999999,89.87341772151899,11.267605633802818
F0059,B737-800,Chennai-Dubai,4.24,0.78,2930,189,146,77.24867724867724,43,5.0200000000000005,84.4621513944223,18.39622641509434
F0490,A321,Chennai-Kolkata,2.25,1.02,1360,220,143,65.0,77,3.27,68.80733944954129,45.333333333333336
F0134,A350,Mumbai-Bengaluru,1.49,1.6,845,325,275,84.61538461538461,50,3.09,48.2200647249191,107.38255033557047
F0932,A321,Chennai-Kolkata,2.21,0.77,1360,220,143,65.0,77,2.98,74.16107382550335,34.84162895927602
F0484,A320,Mumbai-Singapore,5.53,0.88,3930,180,160,88.88888888888889,20,6.41,86.27145085803433,15.913200723327305
F0753,A321,Mumbai-Kolkata,2.56,1.03,1660,220,151,68.63636363636364,69,3.59,71.3091922005571,40.234375
F0035,A350,Chennai-Mumbai,1.82,1.32,1034,325,261,80.3076923076923,64,3.14,57.961783439490446,72.52747252747253
F0049,B737-800,Chennai-Hyderabad,1.09,0.65,515,189,165,87.3015873015873,24,1.7400000000000002,62.643678160919535,59.63302752293578
F0432,A320,Mumbai-Singapore,5.39,0.9,3930,180,128,71.11111111111111,52,6.29,85.69157392686803,16.69758812615956
F0850,A321,Chennai-Hyderabad,1.03,1.31,515,220,179,81.36363636363636,41,2.34,44.017094017094024,127.18446601941748
F0976,A320,Delhi-Hyderabad,2.17,0.79,1260,180,126,70.0,54,2.96,73.3108108108108,36.40552995391705
F0736,A321,Delhi-Dubai,3.57,0.92,2190,220,170,77.27272727272727,50,4.49,79.51002227171492,25.770308123249304
F0116,ATR 72,Delhi-Dubai,3.96,0.56,2190,72,63,87.5,9,4.52,87.61061946902655,14.141414141414144
F0210,A320,Mumbai-Bengaluru,1.65,0.67,845,180,150,83.33333333333334,30,2.32,71.12068965517241,40.60606060606061
F0258,A320,Bengaluru-Hyderabad,0.9,0.7,500,180,152,84.44444444444444,28,1.6,56.25,77.77777777777777
F0623,B737-800,Mumbai-Dubai,3.31,0.89,1930,189,168,88.88888888888889,21,4.2,78.80952380952381,26.888217522658607
F0091,B787,Chennai-Kolkata,2.23,1.39,1360,290,194,66.89655172413794,96,3.62,61.60220994475137,62.331838565022416
F0822,ATR 72,Delhi-Kolkata,2.74,0.39,1305,72,65,90.27777777777779,7,3.1300000000000003,87.53993610223641,14.233576642335766
F0986,B737-800,Chennai-Singapore,4.08,0.8,2920,189,174,92.06349206349206,15,4.88,83.60655737704919,19.607843137254903
F0723,A320,Mumbai-Dubai,3.39,0.75,1930,180,159,88.33333333333333,21,4.140000000000001,81.88405797101449,22.123893805309734
F0306,B737-800,Delhi-Singapore,5.99,0.8,4160,189,169,89.41798941798942,20,6.79,88.2179675994109,13.35559265442404
F0695,B737-800,Mumbai-Kolkata,2.45,0.97,1660,189,142,75.13227513227513,47,3.42,71.6374269005848,39.59183673469388
F0597,A321,Delhi-Dubai,3.74,1.07,2190,220,192,87.27272727272727,28,4.8100000000000005,77.75467775467774,28.609625668449194
F0031,A321,Chennai-Mumbai,2.01,0.98,1034,220,144,65.45454545454545,76,2.9899999999999998,67.22408026755853,48.75621890547264
F0399,A320,Delhi-Dubai,3.7,1.0,2190,180,143,79.44444444444444,37,4.7,78.72340425531915,27.027027027027025
F0883,A321,Chennai-Dubai,4.19,0.84,2930,220,197,89.54545454545455,23,5.03,83.30019880715707,20.047732696897373
F0166,B737-800,Chennai-Bengaluru,0.82,0.68,290,189,185,97.88359788359789,4,1.5,54.666666666666664,82.92682926829269
F0425,B787,Delhi-Hyderabad,2.31,1.14,1260,290,209,72.06896551724138,81,3.45,66.95652173913044,49.35064935064935
F0408,B737-800,Chennai-Dubai,4.36,1.0,2930,189,182,96.29629629629629,7,5.36,81.34328358208955,22.93577981651376
F0978,A320,Bengaluru-Kolkata,2.4,0.77,1540,180,144,80.0,36,3.17,75.70977917981072,32.083333333333336
F0424,A320,Mumbai-Bengaluru,1.84,0.57,845,180,153,85.0,27,2.41,76.34854771784232,30.97826086956521
F0565,ATR 72,Chennai-Hyderabad,0.9,1.09,515,72,63,87.5,9,1.9900000000000002,45.226130653266324,121.11111111111113
F0455,A320,Delhi-Hyderabad,2.17,0.6,1260,180,133,73.88888888888889,47,2.77,78.3393501805054,27.64976958525346
F0277,ATR 72,Delhi-Dubai,3.85,0.45,2190,72,59,81.94444444444444,13,4.3,89.53488372093024,11.688311688311687
F0799,A320,Mumbai-Singapore,5.54,0.77,3930,180,162,90.0,18,6.3100000000000005,87.797147385103,13.898916967509026
F0786,B787,Delhi-Kolkata,2.28,1.42,1305,290,250,86.20689655172413,40,3.6999999999999997,61.62162162162163,62.28070175438597
F0917,A321,Hyderabad-Kolkata,2.13,0.88,1180,220,162,73.63636363636363,58,3.01,70.7641196013289,41.31455399061033
F0731,A320,Chennai-Singapore,4.23,0.76,2920,180,151,83.88888888888889,29,4.99,84.76953907815631,17.96690307328605
F0464,A320,Chennai-Hyderabad,1.18,0.61,515,180,158,87.77777777777777,22,1.79,65.92178770949721,51.694915254237294
F0972,A320,Delhi-Bengaluru,2.75,0.75,1740,180,154,85.55555555555556,26,3.5,78.57142857142857,27.27272727272727
F0864,A320,Mumbai-Bengaluru,1.65,0.86,845,180,172,95.55555555555556,8,2.51,65.73705179282868,52.121212121212125
F0732,ATR 72,Delhi-Bengaluru,3.01,0.62,1740,72,67,93.05555555555556,5,3.63,82.92011019283746,20.598006644518275
F0858,B737-800,Chennai-Hyderabad,1.1,0.71,515,189,159,84.12698412698413,30,1.81,60.773480662983424,64.54545454545453
F0800,A320,Delhi-Singapore,5.77,0.45,4160,180,176,97.77777777777777,4,6.22,92.7652733118971,7.798960138648181
F0947,A321,Delhi-Kolkata,2.11,0.95,1305,220,179,81.36363636363636,41,3.0599999999999996,68.95424836601308,45.023696682464454
F0657,B787,Delhi-Kolkata,2.26,1.05,1305,290,230,79.3103448275862,60,3.3099999999999996,68.27794561933534,46.46017699115045
F0458,A320,Mumbai-Singapore,5.55,0.82,3930,180,122,67.77777777777779,58,6.37,87.12715855572998,14.774774774774773
F0014,A321,Delhi-Dubai,3.65,1.14,2190,220,186,84.54545454545455,34,4.79,76.20041753653445,31.232876712328768
F0536,A321,Mumbai-Singapore,5.55,0.89,3930,220,179,81.36363636363636,41,6.4399999999999995,86.18012422360249,16.036036036036037
F0958,A350,Mumbai-Delhi,1.97,1.27,1148,325,283,87.07692307692308,42,3.24,60.80246913580246,64.46700507614213
F0160,A320,Chennai-Dubai,3.88,0.83,2930,180,152,84.44444444444444,28,4.71,82.37791932059447,21.391752577319586
F0523,A320,Chennai-Singapore,4.25,0.98,2920,180,149,82.77777777777777,31,5.23,81.26195028680687,23.058823529411764
F0485,A321,Delhi-Dubai,3.47,0.92,2190,220,158,71.81818181818181,62,4.390000000000001,79.04328018223235,26.512968299711815
F0183,ATR 72,Chennai-Mumbai,2.07,0.57,1034,72,61,84.72222222222221,11,2.6399999999999997,78.40909090909092,27.536231884057973
F0275,B737-800,Chennai-Mumbai,2.1,0.69,1034,189,151,79.8941798941799,38,2.79,75.26881720430107,32.857142857142854
F0362,A321,Delhi-Dubai,3.38,0.96,2190,220,202,91.81818181818183,18,4.34,77.88018433179722,28.402366863905325
F0698,B737-800,Mumbai-Delhi,1.89,0.62,1148,189,181,95.76719576719577,8,2.51,75.2988047808765,32.80423280423281
F0857,B737-800,Delhi-Hyderabad,2.07,0.48,1260,189,166,87.83068783068782,23,2.55,81.17647058823529,23.18840579710145
F0479,B737-800,Mumbai-Kolkata,2.54,0.74,1660,189,133,70.37037037037037,56,3.2800000000000002,77.43902439024389,29.133858267716533
F0223,ATR 72,Mumbai-Delhi,2.18,0.56,1148,72,65,90.27777777777779,7,2.74,79.56204379562044,25.688073394495415
F0315,B737-800,Delhi-Hyderabad,2.26,0.83,1260,189,162,85.71428571428571,27,3.09,73.13915857605178,36.72566371681416
F0953,ATR 72,Chennai-Bengaluru,0.86,0.63,290,72,69,95.83333333333334,3,1.49,57.718120805369125,73.25581395348837
F0745,ATR 72,Mumbai-Kolkata,2.97,0.61,1660,72,43,59.72222222222222,29,3.58,82.9608938547486,20.538720538720536
F0413,A321,Chennai-Kolkata,2.38,0.79,1360,220,192,87.27272727272727,28,3.17,75.0788643533123,33.19327731092437
F0911,ATR 72,Chennai-Hyderabad,0.96,1.23,515,72,64,88.88888888888889,8,2.19,43.83561643835616,128.125
F0563,A321,Mumbai-Kolkata,2.55,0.71,1660,220,123,55.90909090909091,97,3.26,78.22085889570552,27.84313725490196
F0780,ATR 72,Mumbai-Dubai,3.68,0.39,1930,72,56,77.77777777777779,16,4.07,90.41769041769041,10.597826086956522
F0303,ATR 72,Hyderabad-Kolkata,2.15,0.4,1180,72,52,72.22222222222221,20,2.55,84.31372549019608,18.6046511627907
F0475,A321,Chennai-Mumbai,2.09,0.94,1034,220,165,75.0,55,3.03,68.97689768976898,44.97607655502392
F0047,B737-800,Chennai-Delhi,2.84,0.84,1760,189,140,74.07407407407408,49,3.6799999999999997,77.17391304347827,29.577464788732392
F0165,B787,Mumbai-Dubai,3.2,1.39,1930,290,238,82.06896551724138,52,4.59,69.71677559912854,43.43749999999999
F0582,A320,Bengaluru-Kolkata,2.27,0.64,1540,180,131,72.77777777777777,49,2.91,78.00687285223368,28.193832599118945
F0840,B737-800,Delhi-Hyderabad,2.12,0.62,1260,189,143,75.66137566137566,46,2.74,77.37226277372262,29.245283018867923
F0573,B737-800,Delhi-Hyderabad,2.09,0.89,1260,189,160,84.65608465608466,29,2.98,70.13422818791946,42.58373205741627
F0495,B737-800,Mumbai-Kolkata,2.56,0.7,1660,189,151,79.8941798941799,38,3.26,78.52760736196319,27.34375
F0811,A321,Mumbai-Dubai,3.38,0.76,1930,220,210,95.45454545454545,10,4.14,81.6425120772947,22.485207100591715
F0625,A320,Chennai-Bengaluru,0.81,0.85,290,180,170,94.44444444444444,10,1.6600000000000001,48.795180722891565,104.93827160493827
F0017,B737-800,Delhi-Kolkata,2.3,0.52,1305,189,155,82.01058201058201,34,2.82,81.56028368794325,22.608695652173914
F0572,A320,Bengaluru-Kolkata,2.59,0.66,1540,180,142,78.88888888888889,38,3.25,79.69230769230768,25.482625482625487
F0691,B737-800,Mumbai-Kolkata,2.62,0.86,1660,189,137,72.4867724867725,52,3.48,75.28735632183908,32.82442748091603
F0632,A321,Mumbai-Delhi,2.05,0.67,1148,220,190,86.36363636363636,30,2.7199999999999998,75.36764705882352,32.6829268292683
F0789,A320,Chennai-Kolkata,2.24,0.81,1360,180,132,73.33333333333333,48,3.0500000000000003,73.44262295081967,36.160714285714285
F0790,A350,Delhi-Bengaluru,2.65,1.16,1740,325,207,63.69230769230769,118,3.8099999999999996,69.55380577427822,43.77358490566037
F0778,B787,Bengaluru-Kolkata,2.48,1.38,1540,290,204,70.34482758620689,86,3.86,64.24870466321244,55.64516129032258
F0688,B737-800,Delhi-Hyderabad,2.19,0.77,1260,189,163,86.24338624338624,26,2.96,73.98648648648648,35.15981735159818
F0090,B737-800,Delhi-Dubai,3.64,0.71,2190,189,165,87.3015873015873,24,4.35,83.67816091954023,19.505494505494504
F0930,A320,Chennai-Dubai,4.07,0.83,2930,180,146,81.11111111111111,34,4.9,83.06122448979592,20.39312039312039
F0990,ATR 72,Delhi-Bengaluru,3.05,0.62,1740,72,67,93.05555555555556,5,3.67,83.10626702997274,20.327868852459016
F0372,B787,Chennai-Singapore,4.18,1.44,2920,290,225,77.58620689655173,65,5.619999999999999,74.37722419928826,34.44976076555024
F0547,A321,Chennai-Kolkata,2.21,0.99,1360,220,162,73.63636363636363,58,3.2,69.0625,44.79638009049774
F0336,A320,Chennai-Bengaluru,0.63,0.81,290,180,164,91.11111111111111,16,1.44,43.75,128.57142857142858
F0236,B737-800,Mumbai-Dubai,3.59,0.89,1930,189,179,94.70899470899471,10,4.4799999999999995,80.13392857142858,24.79108635097493
F0841,A320,Delhi-Singapore,5.65,0.63,4160,180,123,68.33333333333333,57,6.28,89.96815286624204,11.150442477876107
F0186,B737-800,Delhi-Bengaluru,2.63,0.65,1740,189,160,84.65608465608466,29,3.28,80.1829268292683,24.714828897338407
F0055,A320,Mumbai-Delhi,2.09,0.74,1148,180,172,95.55555555555556,8,2.83,73.85159010600705,35.406698564593306
F0872,A320,Mumbai-Kolkata,2.54,0.52,1660,180,138,76.66666666666667,42,3.06,83.00653594771242,20.47244094488189
F0681,A320,Hyderabad-Kolkata,2.09,0.69,1180,180,131,72.77777777777777,49,2.78,75.17985611510791,33.014354066985646
F0761,A320,Chennai-Kolkata,2.09,0.72,1360,180,125,69.44444444444444,55,2.8099999999999996,74.37722419928826,34.44976076555024
F0506,B737-800,Chennai-Mumbai,2.21,0.84,1034,189,151,79.8941798941799,38,3.05,72.45901639344262,38.009049773755656
F0191,A321,Chennai-Kolkata,2.09,0.9,1360,220,117,53.18181818181819,103,2.9899999999999998,69.89966555183946,43.0622009569378
F0755,B737-800,Delhi-Dubai,3.54,0.83,2190,189,160,84.65608465608466,29,4.37,81.00686498855835,23.446327683615817
F0819,B737-800,Chennai-Delhi,2.61,0.69,1760,189,134,70.8994708994709,55,3.3,79.0909090909091,26.436781609195403
F0769,B787,Chennai-Kolkata,2.21,1.44,1360,290,235,81.03448275862068,55,3.65,60.54794520547945,65.15837104072398
F0325,A320,Mumbai-Dubai,3.24,0.78,1930,180,161,89.44444444444444,19,4.0200000000000005,80.59701492537313,24.074074074074073
F0329,A321,Mumbai-Singapore,5.59,0.71,3930,220,148,67.27272727272727,72,6.3,88.73015873015872,12.701252236135957
F0048,B737-800,Delhi-Dubai,3.52,0.61,2190,189,159,84.12698412698413,30,4.13,85.23002421307507,17.329545454545453
F0510,A320,Delhi-Kolkata,2.22,0.7,1305,180,162,90.0,18,2.92,76.02739726027397,31.531531531531527
F0738,ATR 72,Chennai-Hyderabad,1.12,0.43,515,72,61,84.72222222222221,11,1.55,72.25806451612904,38.39285714285714
F0824,A350,Chennai-Dubai,3.98,1.38,2930,325,261,80.3076923076923,64,5.359999999999999,74.25373134328359,34.67336683417086
F0955,B737-800,Chennai-Kolkata,2.43,0.99,1360,189,127,67.1957671957672,62,3.42,71.05263157894738,40.74074074074074
F0446,B737-800,Chennai-Singapore,4.37,0.76,2920,189,162,85.71428571428571,27,5.13,85.18518518518519,17.391304347826086
F0499,A320,Chennai-Singapore,4.28,0.83,2920,180,144,80.0,36,5.11,83.75733855185909,19.392523364485978
F0720,A320,Chennai-Hyderabad,0.96,0.73,515,180,150,83.33333333333334,30,1.69,56.80473372781065,76.04166666666666
F0635,ATR 72,Chennai-Kolkata,2.49,0.4,1360,72,55,76.38888888888889,17,2.89,86.159169550173,16.06425702811245
F0106,A321,Chennai-Bengaluru,0.72,0.77,290,220,216,98.18181818181819,4,1.49,48.32214765100671,106.94444444444444
F0259,B737-800,Chennai-Kolkata,2.08,0.91,1360,189,140,74.07407407407408,49,2.99,69.56521739130434,43.75
F0869,A320,Delhi-Bengaluru,2.87,0.73,1740,180,172,95.55555555555556,8,3.6,79.72222222222223,25.435540069686407
F0888,B737-800,Bengaluru-Kolkata,2.43,0.58,1540,189,167,88.35978835978835,22,3.0100000000000002,80.73089700996677,23.868312757201643
F0053,A350,Delhi-Dubai,3.38,1.34,2190,325,239,73.53846153846155,86,4.72,71.61016949152543,39.64497041420118
F0985,B737-800,Mumbai-Bengaluru,1.81,0.8,845,189,176,93.12169312169311,13,2.6100000000000003,69.34865900383141,44.19889502762431
F0299,ATR 72,Chennai-Hyderabad,1.18,1.42,515,72,59,81.94444444444444,13,2.5999999999999996,45.38461538461539,120.33898305084745
F0233,A320,Delhi-Kolkata,2.25,0.43,1305,180,150,83.33333333333334,30,2.68,83.955223880597,19.11111111111111
F0964,A321,Chennai-Delhi,2.91,0.76,1760,220,146,66.36363636363637,74,3.67,79.291553133515,26.11683848797251
F0098,B737-800,Delhi-Hyderabad,2.2,0.81,1260,189,155,82.01058201058201,34,3.0100000000000002,73.08970099667775,36.81818181818181
F0350,A320,Delhi-Singapore,6.05,0.54,4160,180,171,95.0,9,6.59,91.80576631259484,8.925619834710744
F0309,A321,Mumbai-Bengaluru,1.68,0.94,845,220,196,89.0909090909091,24,2.62,64.12213740458014,55.952380952380956
F0826,A321,Chennai-Singapore,4.28,0.79,2920,220,216,98.18181818181819,4,5.07,84.41814595660749,18.457943925233643
F0042,A321,Mumbai-Kolkata,2.5,0.72,1660,220,131,59.54545454545455,89,3.2199999999999998,77.63975155279503,28.799999999999997
F0645,A321,Bengaluru-Kolkata,2.49,0.86,1540,220,198,90.0,22,3.35,74.32835820895522,34.53815261044176
F0487,B737-800,Mumbai-Dubai,3.28,0.73,1930,189,174,92.06349206349206,15,4.01,81.79551122194513,22.25609756097561
F0576,B737-800,Delhi-Singapore,5.73,0.76,4160,189,148,78.3068783068783,41,6.49,88.28967642526965,13.26352530541012
F0697,A321,Delhi-Bengaluru,2.77,0.8,1740,220,194,88.18181818181819,26,3.5700000000000003,77.59103641456582,28.880866425992778
F0595,A350,Chennai-Dubai,4.14,1.42,2930,325,227,69.84615384615384,98,5.56,74.46043165467626,34.29951690821256
F0448,A320,Bengaluru-Kolkata,2.54,0.98,1540,180,132,73.33333333333333,48,3.52,72.1590909090909,38.582677165354326
F0901,B787,Mumbai-Singapore,5.57,1.24,3930,290,218,75.17241379310344,72,6.8100000000000005,81.79148311306902,22.262118491921004
F0112,A321,Delhi-Kolkata,2.26,0.87,1305,220,170,77.27272727272727,50,3.13,72.20447284345047,38.495575221238944
F0574,B787,Delhi-Singapore,5.62,1.25,4160,290,186,64.13793103448275,104,6.87,81.80494905385736,22.24199288256228
F0037,B737-800,Delhi-Bengaluru,2.83,0.78,1740,189,156,82.53968253968253,33,3.6100000000000003,78.39335180055402,27.56183745583039
F0403,B737-800,Chennai-Singapore,4.21,0.8,2920,189,133,70.37037037037037,56,5.01,84.03193612774452,19.002375296912117
F0068,B737-800,Mumbai-Delhi,2.05,0.45,1148,189,178,94.17989417989418,11,2.5,82.0,21.951219512195124
F0794,ATR 72,Chennai-Kolkata,2.44,0.61,1360,72,58,80.55555555555556,14,3.05,80.0,25.0
F0018,ATR 72,Hyderabad-Kolkata,2.09,0.76,1180,72,57,79.16666666666666,15,2.8499999999999996,73.33333333333334,36.36363636363637
F0099,A320,Delhi-Bengaluru,2.75,0.77,1740,180,163,90.55555555555556,17,3.52,78.125,28.000000000000004
F0088,B737-800,Chennai-Hyderabad,1.04,0.95,515,189,171,90.47619047619048,18,1.99,52.26130653266332,91.34615384615384
F0313,A321,Chennai-Kolkata,2.08,0.67,1360,220,178,80.9090909090909,42,2.75,75.63636363636364,32.21153846153847
F0813,B737-800,Delhi-Singapore,5.59,0.97,4160,189,137,72.4867724867725,52,6.56,85.21341463414635,17.352415026833633
F0733,A350,Bengaluru-Kolkata,2.31,1.33,1540,325,242,74.46153846153845,83,3.64,63.46153846153846,57.57575757575758
F0871,ATR 72,Delhi-Dubai,3.92,0.58,2190,72,61,84.72222222222221,11,4.5,87.1111111111111,14.795918367346939
F0921,A320,Chennai-Mumbai,2.24,0.77,1034,180,158,87.77777777777777,22,3.0100000000000002,74.4186046511628,34.375
F0739,ATR 72,Mumbai-Bengaluru,1.86,0.64,845,72,71,98.61111111111111,1,2.5,74.4,34.40860215053763
F0646,A350,Mumbai-Bengaluru,1.71,1.51,845,325,240,73.84615384615385,85,3.2199999999999998,53.10559006211181,88.30409356725146
F0207,A321,Bengaluru-Kolkata,2.27,0.68,1540,220,182,82.72727272727273,38,2.95,76.94915254237287,29.955947136563875
F0268,B737-800,Chennai-Hyderabad,0.79,0.62,515,189,155,82.01058201058201,34,1.4100000000000001,56.028368794326234,78.48101265822784
F0083,A320,Mumbai-Dubai,3.13,0.88,1930,180,165,91.66666666666666,15,4.01,78.05486284289277,28.115015974440894
F0038,B737-800,Mumbai-Kolkata,2.52,0.9,1660,189,97,51.32275132275132,92,3.42,73.6842105263158,35.714285714285715
F0019,A350,Chennai-Delhi,2.79,1.4,1760,325,191,58.769230769230774,134,4.1899999999999995,66.58711217183772,50.179211469534046
F0360,A321,Delhi-Kolkata,2.33,0.91,1305,220,192,87.27272727272727,28,3.24,71.91358024691358,39.05579399141631
F0255,A320,Bengaluru-Hyderabad,1.12,1.5,500,180,165,91.66666666666666,15,2.62,42.74809160305344,133.92857142857142
F0173,ATR 72,Bengaluru-Hyderabad,1.17,0.65,500,72,65,90.27777777777779,7,1.8199999999999998,64.28571428571429,55.55555555555556
F0879,ATR 72,Mumbai-Bengaluru,1.63,0.77,845,72,62,86.11111111111111,10,2.4,67.91666666666667,47.239263803680984
F0062,ATR 72,Mumbai-Dubai,3.66,0.67,1930,72,71,98.61111111111111,1,4.33,84.52655889145497,18.30601092896175
F0102,B737-800,Chennai-Bengaluru,0.68,0.67,290,189,157,83.06878306878306,32,1.35,50.37037037037037,98.52941176470587
F0995,ATR 72,Chennai-Hyderabad,1.32,0.74,515,72,58,80.55555555555556,14,2.06,64.07766990291263,56.060606060606055
F0805,B737-800,Hyderabad-Kolkata,2.12,0.73,1180,189,161,85.18518518518519,28,2.85,74.3859649122807,34.43396226415094
F0553,A350,Delhi-Kolkata,2.33,1.42,1305,325,212,65.23076923076923,113,3.75,62.13333333333334,60.94420600858369
F0433,B787,Chennai-Dubai,4.16,1.1,2930,290,236,81.37931034482759,54,5.26,79.0874524714829,26.442307692307693
F0855,A321,Chennai-Kolkata,2.03,0.98,1360,220,144,65.45454545454545,76,3.01,67.44186046511628,48.275862068965516
F0680,B737-800,Chennai-Singapore,4.38,0.79,2920,189,181,95.76719576719577,8,5.17,84.71953578336557,18.036529680365298
F0709,ATR 72,Chennai-Hyderabad,1.14,0.35,515,72,61,84.72222222222221,11,1.4899999999999998,76.51006711409396,30.701754385964914
F0045,B737-800,Chennai-Bengaluru,0.77,0.81,290,189,185,97.88359788359789,4,1.58,48.734177215189874,105.1948051948052
F0878,A321,Delhi-Kolkata,2.33,0.96,1305,220,184,83.63636363636363,36,3.29,70.82066869300911,41.201716738197426
F0121,ATR 72,Bengaluru-Kolkata,2.73,0.51,1540,72,50,69.44444444444444,22,3.24,84.25925925925925,18.681318681318682
F0776,ATR 72,Chennai-Kolkata,2.48,0.49,1360,72,54,75.0,18,2.9699999999999998,83.50168350168352,19.758064516129032
F0182,A350,Chennai-Hyderabad,1.04,1.24,515,325,259,79.6923076923077,66,2.2800000000000002,45.614035087719294,119.23076923076923
F0559,A321,Bengaluru-Kolkata,2.39,0.74,1540,220,158,71.81818181818181,62,3.13,76.35782747603834,30.962343096234306
F0768,A321,Mumbai-Bengaluru,1.4,0.62,845,220,183,83.18181818181817,37,2.02,69.3069306930693,44.28571428571429
F0752,B737-800,Chennai-Bengaluru,0.77,1.22,290,189,181,95.76719576719577,8,1.99,38.69346733668342,158.4415584415584
F0900,A321,Chennai-Singapore,4.24,0.91,2920,220,165,75.0,55,5.15,82.33009708737865,21.462264150943398
F0540,A321,Chennai-Delhi,2.65,0.89,1760,220,173,78.63636363636364,47,3.54,74.85875706214688,33.58490566037736
F0881,B737-800,Delhi-Dubai,3.56,0.47,2190,189,146,77.24867724867724,43,4.03,88.33746898263027,13.202247191011235
F0127,A321,Chennai-Bengaluru,1.02,1.13,290,220,211,95.9090909090909,9,2.15,47.44186046511628,110.78431372549018
F0297,B787,Delhi-Kolkata,2.33,1.23,1305,290,235,81.03448275862068,55,3.56,65.4494382022472,52.78969957081545
F0542,A321,Mumbai-Delhi,1.88,0.79,1148,220,187,85.0,33,2.67,70.41198501872658,42.02127659574468
F0428,B737-800,Chennai-Mumbai,2.09,0.53,1034,189,168,88.88888888888889,21,2.62,79.7709923664122,25.35885167464115
F0373,B737-800,Chennai-Bengaluru,0.84,0.56,290,189,174,92.06349206349206,15,1.4,60.0,66.66666666666667
F0375,ATR 72,Bengaluru-Kolkata,2.82,0.45,1540,72,52,72.22222222222221,20,3.27,86.23853211009174,15.957446808510639
F0601,ATR 72,Mumbai-Bengaluru,1.93,0.52,845,72,63,87.5,9,2.45,78.77551020408163,26.94300518134715
F0493,B787,Chennai-Delhi,2.78,1.13,1760,290,239,82.41379310344827,51,3.9099999999999997,71.0997442455243,40.64748201438849
F0376,B787,Chennai-Delhi,2.75,1.15,1760,290,208,71.72413793103448,82,3.9,70.51282051282051,41.81818181818181
F0109,A320,Delhi-Dubai,3.62,0.78,2190,180,171,95.0,9,4.4,82.27272727272727,21.54696132596685
F0021,A321,Chennai-Dubai,4.07,0.65,2930,220,199,90.45454545454545,21,4.720000000000001,86.22881355932202,15.970515970515969
F0333,A350,Chennai-Singapore,4.61,0.95,2920,325,244,75.07692307692308,81,5.5600000000000005,82.91366906474819,20.60737527114967
F0702,B737-800,Bengaluru-Hyderabad,1.04,0.92,500,189,185,97.88359788359789,4,1.96,53.06122448979592,88.46153846153845
F0983,B737-800,Delhi-Singapore,5.78,0.73,4160,189,161,85.18518518518519,28,6.51,88.78648233486945,12.629757785467127
F0234,A321,Mumbai-Singapore,6.19,0.46,3930,220,159,72.27272727272728,61,6.65,93.08270676691728,7.431340872374798
F0934,A321,Bengaluru-Kolkata,2.58,0.74,1540,220,172,78.18181818181819,48,3.3200000000000003,77.71084337349397,28.68217054263566
F0619,B737-800,Mumbai-Bengaluru,1.52,0.96,845,189,142,75.13227513227513,47,2.48,61.29032258064516,63.1578947368421
F0873,A350,Delhi-Hyderabad,2.13,1.36,1260,325,214,65.84615384615384,111,3.49,61.03151862464182,63.849765258215974
F0028,B737-800,Mumbai-Dubai,3.43,0.9,1930,189,179,94.70899470899471,10,4.33,79.21478060046189,26.239067055393583
F0579,B737-800,Delhi-Hyderabad,2.18,0.46,1260,189,169,89.41798941798942,20,2.64,82.57575757575758,21.10091743119266
F0689,B737-800,Chennai-Hyderabad,1.02,0.53,515,189,157,83.06878306878306,32,1.55,65.80645161290323,51.9607843137255
F0282,A320,Chennai-Kolkata,2.2,0.93,1360,180,140,77.77777777777779,40,3.1300000000000003,70.28753993610223,42.27272727272727
F0771,A320,Chennai-Dubai,4.15,0.93,2930,180,133,73.88888888888889,47,5.08,81.69291338582678,22.40963855421687
F0012,A320,Mumbai-Bengaluru,1.68,0.68,845,180,169,93.88888888888889,11,2.36,71.1864406779661,40.47619047619048
F0713,ATR 72,Chennai-Delhi,3.12,0.62,1760,72,56,77.77777777777779,16,3.74,83.42245989304813,19.871794871794872
F0352,A320,Delhi-Bengaluru,2.86,0.58,1740,180,148,82.22222222222221,32,3.44,83.13953488372093,20.27972027972028
F0340,A320,Mumbai-Kolkata,2.56,0.94,1660,180,132,73.33333333333333,48,3.5,73.14285714285714,36.71874999999999
F0120,B787,Hyderabad-Kolkata,1.99,1.18,1180,290,192,66.20689655172414,98,3.17,62.77602523659306,59.2964824120603
F0126,A320,Mumbai-Delhi,2.05,0.65,1148,180,161,89.44444444444444,19,2.6999999999999997,75.92592592592592,31.70731707317074
F0180,B787,Hyderabad-Kolkata,2.04,1.16,1180,290,166,57.24137931034483,124,3.2,63.74999999999999,56.86274509803921
F0806,B787,Chennai-Kolkata,2.46,1.29,1360,290,187,64.48275862068965,103,3.75,65.60000000000001,52.4390243902439
F0332,A320,Delhi-Kolkata,2.09,0.76,1305,180,145,80.55555555555556,35,2.8499999999999996,73.33333333333334,36.36363636363637
F0176,A350,Hyderabad-Kolkata,2.05,1.17,1180,325,183,56.30769230769231,142,3.2199999999999998,63.66459627329193,57.07317073170732
F0273,A321,Chennai-Kolkata,2.16,0.82,1360,220,139,63.18181818181819,81,2.98,72.48322147651007,37.96296296296296
F0157,B737-800,Bengaluru-Hyderabad,1.02,0.81,500,189,179,94.70899470899471,10,1.83,55.73770491803278,79.41176470588236
F0218,ATR 72,Mumbai-Bengaluru,1.98,0.7,845,72,64,88.88888888888889,8,2.6799999999999997,73.88059701492537,35.35353535353536
F0860,B737-800,Mumbai-Dubai,3.29,0.53,1930,189,185,97.88359788359789,4,3.8200000000000003,86.12565445026178,16.109422492401215
F0089,B737-800,Delhi-Singapore,6.4,0.35,4160,189,162,85.71428571428571,27,6.75,94.81481481481482,5.468749999999999
F0626,A321,Mumbai-Kolkata,2.49,0.83,1660,220,125,56.81818181818182,95,3.3200000000000003,75.0,33.33333333333333
F0322,A321,Chennai-Singapore,4.32,1.08,2920,220,216,98.18181818181819,4,5.4,80.0,25.0
F0634,B737-800,Mumbai-Bengaluru,1.66,0.45,845,189,145,76.71957671957672,44,2.11,78.67298578199052,27.108433734939762
F0450,B787,Chennai-Mumbai,2.07,1.14,1034,290,229,78.96551724137932,61,3.21,64.48598130841121,55.072463768115945
F0389,A320,Delhi-Bengaluru,2.91,0.62,1740,180,176,97.77777777777777,4,3.5300000000000002,82.43626062322946,21.305841924398624
F0683,B737-800,Bengaluru-Hyderabad,1.08,0.68,500,189,185,97.88359788359789,4,1.7600000000000002,61.36363636363637,62.96296296296296
F0130,B737-800,Mumbai-Kolkata,2.5,0.71,1660,189,151,79.8941798941799,38,3.21,77.88161993769471,28.4
F0295,ATR 72,Chennai-Hyderabad,1.14,0.52,515,72,65,90.27777777777779,7,1.66,68.67469879518072,45.6140350877193
F0290,A320,Chennai-Bengaluru,0.67,0.7,290,180,164,91.11111111111111,16,1.37,48.9051094890511,104.4776119402985
F0226,A320,Chennai-Bengaluru,0.64,0.82,290,180,168,93.33333333333333,12,1.46,43.83561643835617,128.125
F0504,A350,Mumbai-Dubai,3.54,1.19,1930,325,299,92.0,26,4.73,74.8414376321353,33.61581920903954
F0783,ATR 72,Bengaluru-Kolkata,2.77,0.35,1540,72,68,94.44444444444444,4,3.12,88.78205128205127,12.63537906137184
F0876,A320,Chennai-Singapore,4.28,0.72,2920,180,149,82.77777777777777,31,5.0,85.60000000000001,16.822429906542055
F0997,A321,Chennai-Bengaluru,0.7,0.95,290,220,200,90.9090909090909,20,1.65,42.42424242424242,135.71428571428572
F0651,A320,Mumbai-Singapore,5.63,0.89,3930,180,144,80.0,36,6.52,86.34969325153375,15.808170515097691
F0913,B787,Chennai-Singapore,4.13,1.23,2920,290,231,79.65517241379311,59,5.359999999999999,77.05223880597015,29.782082324455207
F0531,A321,Mumbai-Dubai,3.31,0.91,1930,220,207,94.0909090909091,13,4.22,78.43601895734598,27.492447129909365
F0877,A320,Delhi-Kolkata,2.17,0.82,1305,180,154,85.55555555555556,26,2.9899999999999998,72.5752508361204,37.78801843317972
F0324,A320,Bengaluru-Hyderabad,1.06,0.84,500,180,137,76.11111111111111,43,1.9,55.789473684210535,79.24528301886792
F0832,A320,Chennai-Dubai,4.2,0.81,2930,180,163,90.55555555555556,17,5.01,83.83233532934132,19.28571428571429
F0711,A321,Delhi-Dubai,3.63,1.05,2190,220,189,85.9090909090909,31,4.68,77.56410256410257,28.925619834710748
F0219,ATR 72,Chennai-Bengaluru,0.64,1.1,290,72,59,81.94444444444444,13,1.7400000000000002,36.78160919540229,171.875
F0551,A321,Chennai-Mumbai,2.05,0.61,1034,220,171,77.72727272727272,49,2.6599999999999997,77.06766917293233,29.756097560975615
F0392,B737-800,Chennai-Hyderabad,1.03,0.72,515,189,177,93.65079365079364,12,1.75,58.85714285714286,69.90291262135922
F0808,A320,Mumbai-Bengaluru,1.75,0.87,845,180,168,93.33333333333333,12,2.62,66.79389312977099,49.714285714285715
F0161,A350,Mumbai-Singapore,5.55,1.32,3930,325,243,74.76923076923076,82,6.87,80.78602620087337,23.783783783783786
F0696,B737-800,Mumbai-Bengaluru,1.67,0.68,845,189,165,87.3015873015873,24,2.35,71.06382978723403,40.718562874251504
F0034,B787,Mumbai-Delhi,1.89,1.08,1148,290,235,81.03448275862068,55,2.9699999999999998,63.63636363636363,57.14285714285715
F0339,A320,Hyderabad-Kolkata,2.07,0.79,1180,180,130,72.22222222222221,50,2.86,72.37762237762237,38.16425120772947
F0469,B787,Delhi-Bengaluru,2.7,1.3,1740,290,218,75.17241379310344,72,4.0,67.5,48.148148148148145
F0368,A350,Chennai-Delhi,2.96,1.45,1760,325,257,79.07692307692308,68,4.41,67.12018140589568,48.986486486486484
F0111,B737-800,Delhi-Dubai,3.62,0.84,2190,189,183,96.82539682539682,6,4.46,81.16591928251121,23.204419889502763
F0483,B787,Delhi-Singapore,5.77,1.37,4160,290,231,79.65517241379311,59,7.14,80.812324929972,23.74350086655113
F0169,ATR 72,Mumbai-Dubai,3.53,0.53,1930,72,71,98.61111111111111,1,4.06,86.94581280788178,15.01416430594901
F0762,B787,Hyderabad-Kolkata,2.16,1.11,1180,290,221,76.20689655172413,69,3.2700000000000005,66.05504587155963,51.38888888888889
F0522,A320,Mumbai-Kolkata,2.67,0.81,1660,180,102,56.666666666666664,78,3.48,76.72413793103449,30.337078651685395
F0334,A320,Mumbai-Singapore,5.58,0.81,3930,180,155,86.11111111111111,25,6.390000000000001,87.32394366197182,14.516129032258066
F0366,A320,Hyderabad-Kolkata,2.23,0.72,1180,180,114,63.33333333333333,66,2.95,75.59322033898304,32.28699551569507
F0326,B737-800,Delhi-Dubai,3.37,0.81,2190,189,173,91.53439153439153,16,4.18,80.622009569378,24.03560830860534
F0414,B737-800,Delhi-Kolkata,2.3,0.83,1305,189,152,80.42328042328042,37,3.13,73.48242811501598,36.08695652173913
F0722,A350,Delhi-Hyderabad,2.23,1.16,1260,325,246,75.6923076923077,79,3.3899999999999997,65.78171091445428,52.01793721973094
F0882,A320,Delhi-Singapore,5.78,0.81,4160,180,169,93.88888888888889,11,6.59,87.70864946889226,14.013840830449828
F0194,A350,Delhi-Kolkata,2.23,1.31,1305,325,241,74.15384615384616,84,3.54,62.994350282485875,58.744394618834086
F0787,A321,Chennai-Singapore,4.31,0.73,2920,220,201,91.36363636363637,19,5.039999999999999,85.51587301587303,16.937354988399072
F0232,B737-800,Bengaluru-Kolkata,2.51,1.23,1540,189,146,77.24867724867724,43,3.7399999999999998,67.11229946524064,49.00398406374502
F0687,A320,Mumbai-Kolkata,2.49,0.74,1660,180,142,78.88888888888889,38,3.2300000000000004,77.08978328173374,29.71887550200803
F0283,A321,Delhi-Singapore,5.76,0.92,4160,220,166,75.45454545454545,54,6.68,86.22754491017965,15.972222222222223
F0451,B737-800,Bengaluru-Hyderabad,1.0,0.43,500,189,174,92.06349206349206,15,1.43,69.93006993006993,43.0
F0508,A320,Hyderabad-Kolkata,1.97,0.53,1180,180,111,61.66666666666667,69,2.5,78.8,26.903553299492387
F0515,A320,Chennai-Kolkata,2.19,0.77,1360,180,137,76.11111111111111,43,2.96,73.98648648648648,35.15981735159818
F0006,B737-800,Mumbai-Delhi,1.99,0.92,1148,189,160,84.65608465608466,29,2.91,68.38487972508591,46.231155778894475
F0823,A320,Mumbai-Delhi,1.94,0.71,1148,180,173,96.11111111111111,7,2.65,73.20754716981132,36.597938144329895
F0398,A321,Delhi-Bengaluru,2.89,0.53,1740,220,213,96.81818181818181,7,3.42,84.50292397660819,18.33910034602076
F0003,A320,Delhi-Bengaluru,2.77,0.95,1740,180,152,84.44444444444444,28,3.7199999999999998,74.46236559139786,34.29602888086642
F0847,ATR 72,Bengaluru-Hyderabad,0.98,0.65,500,72,55,76.38888888888889,17,1.63,60.12269938650307,66.32653061224491
F0467,B787,Mumbai-Bengaluru,1.55,1.36,845,290,175,60.3448275862069,115,2.91,53.264604810996566,87.74193548387098
F0312,A320,Chennai-Mumbai,2.19,0.89,1034,180,154,85.55555555555556,26,3.08,71.1038961038961,40.6392694063927
F0977,ATR 72,Delhi-Bengaluru,3.14,0.62,1740,72,62,86.11111111111111,10,3.7600000000000002,83.51063829787235,19.745222929936304
F0610,A320,Hyderabad-Kolkata,2.09,0.85,1180,180,131,72.77777777777777,49,2.94,71.08843537414967,40.66985645933015
F0370,B737-800,Chennai-Dubai,4.23,0.79,2930,189,155,82.01058201058201,34,5.0200000000000005,84.26294820717132,18.67612293144208
F0640,B737-800,Chennai-Dubai,4.32,0.84,2930,189,182,96.29629629629629,7,5.16,83.72093023255815,19.444444444444443
F0029,B737-800,Chennai-Delhi,2.79,0.76,1760,189,127,67.1957671957672,62,3.55,78.59154929577466,27.24014336917563
F0865,A320,Delhi-Hyderabad,2.15,0.75,1260,180,118,65.55555555555556,62,2.9,74.13793103448276,34.883720930232556
F0044,B787,Delhi-Dubai,3.31,1.24,2190,290,270,93.10344827586206,20,4.55,72.74725274725276,37.46223564954683
F0942,A350,Chennai-Mumbai,2.03,1.35,1034,325,217,66.76923076923077,108,3.38,60.05917159763313,66.5024630541872
F0620,B737-800,Mumbai-Kolkata,2.69,0.79,1660,189,157,83.06878306878306,32,3.48,77.29885057471265,29.36802973977695
F0758,B787,Mumbai-Singapore,5.56,1.33,3930,290,200,68.96551724137932,90,6.89,80.6966618287373,23.920863309352523
F0178,A350,Mumbai-Singapore,5.61,1.25,3930,325,203,62.46153846153846,122,6.86,81.77842565597668,22.281639928698752
F0851,A320,Mumbai-Kolkata,2.62,0.56,1660,180,117,65.0,63,3.18,82.38993710691824,21.37404580152672
F0009,A321,Chennai-Singapore,4.35,0.74,2920,220,194,88.18181818181819,26,5.09,85.46168958742632,17.011494252873565
F0174,A321,Chennai-Delhi,2.77,0.52,1760,220,141,64.0909090909091,79,3.29,84.19452887537993,18.772563176895307
F0608,B737-800,Delhi-Kolkata,2.34,0.89,1305,189,159,84.12698412698413,30,3.23,72.44582043343652,38.03418803418804
F0417,B787,Mumbai-Dubai,3.16,1.09,1930,290,270,93.10344827586206,20,4.25,74.3529411764706,34.49367088607595
F0452,A320,Chennai-Bengaluru,0.56,0.71,290,180,176,97.77777777777777,4,1.27,44.094488188976385,126.78571428571426
F0781,A321,Delhi-Hyderabad,2.07,0.97,1260,220,188,85.45454545454545,32,3.04,68.09210526315789,46.85990338164252
F0973,ATR 72,Chennai-Hyderabad,0.95,0.76,515,72,62,86.11111111111111,10,1.71,55.55555555555556,80.0
F0287,B787,Delhi-Hyderabad,2.1,1.23,1260,290,194,66.89655172413794,96,3.33,63.06306306306306,58.57142857142856
F0886,A320,Mumbai-Delhi,1.78,0.75,1148,180,158,87.77777777777777,22,2.5300000000000002,70.35573122529644,42.13483146067416
F0385,A321,Mumbai-Delhi,1.94,0.7,1148,220,202,91.81818181818183,18,2.6399999999999997,73.48484848484848,36.08247422680412
F0966,B737-800,Mumbai-Bengaluru,1.55,0.67,845,189,165,87.3015873015873,24,2.22,69.81981981981981,43.225806451612904
F0617,B737-800,Mumbai-Singapore,5.73,0.65,3930,189,152,80.42328042328042,37,6.380000000000001,89.81191222570533,11.343804537521814
F0011,A320,Chennai-Singapore,4.21,0.78,2920,180,137,76.11111111111111,43,4.99,84.3687374749499,18.52731591448931
F0588,A320,Bengaluru-Kolkata,2.51,0.8,1540,180,134,74.44444444444444,46,3.3099999999999996,75.83081570996978,31.872509960159366
F0772,ATR 72,Mumbai-Bengaluru,1.87,0.54,845,72,55,76.38888888888889,17,2.41,77.59336099585063,28.87700534759358
F0445,B737-800,Bengaluru-Hyderabad,1.09,0.64,500,189,177,93.65079365079364,12,1.73,63.00578034682081,58.71559633027522
F0078,A321,Mumbai-Bengaluru,1.65,0.75,845,220,162,73.63636363636363,58,2.4,68.75,45.45454545454546
F0543,A320,Mumbai-Delhi,2.0,0.79,1148,180,176,97.77777777777777,4,2.79,71.68458781362007,39.5
F0571,A320,Chennai-Dubai,4.29,0.72,2930,180,152,84.44444444444444,28,5.01,85.62874251497007,16.78321678321678
F0286,ATR 72,Mumbai-Kolkata,2.6,0.61,1660,72,51,70.83333333333334,21,3.21,80.9968847352025,23.46153846153846
F0496,A321,Chennai-Mumbai,1.96,1.14,1034,220,177,80.45454545454545,43,3.0999999999999996,63.22580645161291,58.16326530612245
F0244,B737-800,Bengaluru-Kolkata,2.44,0.85,1540,189,168,88.88888888888889,21,3.29,74.16413373860182,34.83606557377049
F0767,B737-800,Mumbai-Delhi,2.1,0.89,1148,189,173,91.53439153439153,16,2.99,70.23411371237458,42.38095238095238
F0614,B787,Hyderabad-Kolkata,2.19,1.11,1180,290,187,64.48275862068965,103,3.3,66.36363636363637,50.68493150684932
F0511,A320,Delhi-Bengaluru,2.71,0.66,1740,180,156,86.66666666666667,24,3.37,80.41543026706232,24.354243542435423
F0989,A320,Chennai-Singapore,4.21,0.52,2920,180,153,85.0,27,4.73,89.00634249471457,12.351543942992874
F0557,B737-800,Mumbai-Kolkata,2.33,0.6,1660,189,141,74.60317460317461,48,2.93,79.5221843003413,25.75107296137339
F0682,A321,Mumbai-Delhi,1.9,0.81,1148,220,190,86.36363636363636,30,2.71,70.11070110701107,42.631578947368425
F0555,B737-800,Delhi-Kolkata,2.16,0.7,1305,189,169,89.41798941798942,20,2.8600000000000003,75.52447552447552,32.407407407407405
F0190,A321,Bengaluru-Hyderabad,0.9,0.92,500,220,182,82.72727272727273,38,1.82,49.45054945054945,102.22222222222221
F0076,A350,Hyderabad-Kolkata,2.16,1.19,1180,325,253,77.84615384615384,72,3.35,64.4776119402985,55.09259259259258
F0085,A320,Bengaluru-Kolkata,2.48,0.62,1540,180,130,72.22222222222221,50,3.1,80.0,25.0
F0311,A321,Delhi-Singapore,5.7,0.81,4160,220,197,89.54545454545455,23,6.51,87.55760368663596,14.210526315789473
F0222,A320,Mumbai-Dubai,3.39,0.79,1930,180,165,91.66666666666666,15,4.18,81.10047846889952,23.303834808259587
F0717,A321,Chennai-Kolkata,2.04,1.12,1360,220,140,63.63636363636363,80,3.16,64.55696202531645,54.90196078431373
F0998,ATR 72,Delhi-Bengaluru,2.99,0.5,1740,72,56,77.77777777777779,16,3.49,85.67335243553009,16.722408026755854
F0686,B737-800,Chennai-Dubai,4.11,0.88,2930,189,176,93.12169312169311,13,4.99,82.36472945891784,21.41119221411192
F0560,A320,Mumbai-Delhi,2.05,0.77,1148,180,162,90.0,18,2.82,72.69503546099291,37.560975609756106
F0594,A320,Delhi-Bengaluru,2.74,0.72,1740,180,157,87.22222222222223,23,3.46,79.19075144508672,26.277372262773717
F0963,A321,Chennai-Dubai,4.1,0.96,2930,220,173,78.63636363636364,47,5.06,81.02766798418972,23.414634146341466
F0338,ATR 72,Chennai-Dubai,4.52,0.56,2930,72,58,80.55555555555556,14,5.08,88.9763779527559,12.389380530973455
F0321,B737-800,Mumbai-Singapore,5.66,0.92,3930,189,143,75.66137566137566,46,6.58,86.01823708206688,16.25441696113074
F0401,A350,Chennai-Singapore,4.14,1.19,2920,325,203,62.46153846153846,122,5.33,77.67354596622889,28.743961352657006
F0206,A321,Delhi-Dubai,3.57,0.82,2190,220,188,85.45454545454545,32,4.39,81.32118451025057,22.969187675070028
F0267,B737-800,Chennai-Kolkata,2.35,0.75,1360,189,131,69.31216931216932,58,3.1,75.80645161290323,31.914893617021274
F0675,A321,Chennai-Singapore,4.14,0.97,2920,220,199,90.45454545454545,21,5.109999999999999,81.01761252446184,23.42995169082126
F0541,A321,Chennai-Delhi,2.75,0.95,1760,220,156,70.9090909090909,64,3.7,74.32432432432432,34.54545454545455
F0129,ATR 72,Chennai-Delhi,2.92,0.72,1760,72,70,97.22222222222221,2,3.6399999999999997,80.21978021978022,24.65753424657534
F1000,A320,Chennai-Bengaluru,1.04,0.73,290,180,174,96.66666666666667,6,1.77,58.75706214689266,70.1923076923077
F0581,A320,Chennai-Bengaluru,0.83,0.93,290,180,167,92.77777777777779,13,1.76,47.15909090909091,112.04819277108436
F0954,B737-800,Chennai-Bengaluru,0.72,0.53,290,189,185,97.88359788359789,4,1.25,57.599999999999994,73.61111111111111
F0852,A320,Mumbai-Delhi,2.19,0.55,1148,180,161,89.44444444444444,19,2.74,79.92700729927007,25.114155251141558
F0200,A320,Delhi-Singapore,5.81,0.7,4160,180,133,73.88888888888889,47,6.51,89.24731182795699,12.048192771084338
F0647,A321,Mumbai-Delhi,1.91,0.86,1148,220,184,83.63636363636363,36,2.77,68.95306859205775,45.026178010471206
F0349,B737-800,Delhi-Dubai,3.66,0.7,2190,189,173,91.53439153439153,16,4.36,83.94495412844036,19.12568306010929
F0649,B787,Chennai-Dubai,4.02,1.27,2930,290,178,61.37931034482759,112,5.289999999999999,75.99243856332704,31.592039800995032
F0660,A320,Delhi-Bengaluru,2.86,0.84,1740,180,131,72.77777777777777,49,3.6999999999999997,77.29729729729729,29.37062937062937
F0073,B737-800,Mumbai-Singapore,5.68,0.62,3930,189,123,65.07936507936508,66,6.3,90.15873015873017,10.91549295774648
F0133,B737-800,Chennai-Hyderabad,0.9,0.71,515,189,147,77.77777777777779,42,1.6099999999999999,55.90062111801243,78.88888888888889
F0759,B737-800,Mumbai-Kolkata,2.53,0.55,1660,189,131,69.31216931216932,58,3.08,82.14285714285714,21.73913043478261
F0110,A320,Chennai-Bengaluru,0.73,1.15,290,180,176,97.77777777777777,4,1.88,38.829787234042556,157.53424657534245
F0896,A321,Delhi-Bengaluru,3.03,0.93,1740,220,194,88.18181818181819,26,3.96,76.51515151515152,30.6930693069307
F0562,B737-800,Delhi-Bengaluru,2.8,0.8,1740,189,160,84.65608465608466,29,3.5999999999999996,77.77777777777779,28.571428571428577
F0605,A320,Delhi-Dubai,3.64,0.67,2190,180,169,93.88888888888889,11,4.3100000000000005,84.45475638051043,18.40659340659341
F0384,A320,Bengaluru-Kolkata,2.45,0.6,1540,180,143,79.44444444444444,37,3.0500000000000003,80.32786885245902,24.489795918367342
F0887,B787,Mumbai-Kolkata,2.46,1.16,1660,290,179,61.724137931034484,111,3.62,67.95580110497237,47.15447154471544
F0456,A320,Mumbai-Singapore,5.62,0.55,3930,180,146,81.11111111111111,34,6.17,91.08589951377634,9.786476868327403
F0502,A321,Chennai-Dubai,4.12,0.76,2930,220,197,89.54545454545455,23,4.88,84.42622950819673,18.446601941747574
F0240,A321,Chennai-Dubai,4.17,0.81,2930,220,183,83.18181818181817,37,4.98,83.73493975903614,19.424460431654676
F0145,B737-800,Mumbai-Kolkata,2.41,0.79,1660,189,140,74.07407407407408,49,3.2,75.3125,32.780082987551864
F0454,ATR 72,Chennai-Hyderabad,1.25,0.49,515,72,71,98.61111111111111,1,1.74,71.83908045977012,39.2
F0862,B737-800,Chennai-Bengaluru,0.88,0.54,290,189,170,89.94708994708994,19,1.42,61.9718309859155,61.36363636363637
F0138,ATR 72,Bengaluru-Hyderabad,1.22,0.68,500,72,69,95.83333333333334,3,1.9,64.21052631578948,55.73770491803279
F0201,B737-800,Mumbai-Kolkata,2.46,0.74,1660,189,136,71.95767195767195,53,3.2,76.875,30.081300813008134
F0807,A320,Chennai-Delhi,2.92,0.96,1760,180,150,83.33333333333334,30,3.88,75.25773195876289,32.87671232876712
F0792,ATR 72,Chennai-Delhi,3.04,0.51,1760,72,51,70.83333333333334,21,3.55,85.63380281690142,16.776315789473685
F0716,B787,Mumbai-Singapore,6.33,0.43,3930,290,219,75.51724137931033,71,6.76,93.63905325443788,6.79304897314376
F0512,ATR 72,Chennai-Delhi,3.06,0.63,1760,72,63,87.5,9,3.69,82.92682926829269,20.588235294117645
F0667,B737-800,Mumbai-Delhi,1.9,0.96,1148,189,182,96.29629629629629,7,2.86,66.43356643356644,50.526315789473685
F0853,B737-800,Delhi-Hyderabad,2.13,0.78,1260,189,146,77.24867724867724,43,2.91,73.19587628865979,36.61971830985916
F0438,B787,Hyderabad-Kolkata,2.0,1.04,1180,290,177,61.03448275862069,113,3.04,65.78947368421053,52.0
F0618,B737-800,Hyderabad-Kolkata,1.98,0.72,1180,189,143,75.66137566137566,46,2.7,73.33333333333333,36.36363636363637
F0378,B737-800,Chennai-Dubai,4.15,0.71,2930,189,148,78.3068783068783,41,4.86,85.39094650205762,17.10843373493976
F0497,A321,Delhi-Kolkata,2.25,0.74,1305,220,203,92.27272727272727,17,2.99,75.25083612040133,32.88888888888889
F0751,A321,Delhi-Dubai,3.65,0.95,2190,220,169,76.81818181818181,51,4.6,79.34782608695653,26.027397260273972
F0472,A320,Delhi-Hyderabad,2.35,0.76,1260,180,143,79.44444444444444,37,3.1100000000000003,75.56270096463022,32.34042553191489
F0187,A350,Mumbai-Delhi,1.85,1.39,1148,325,215,66.15384615384615,110,3.24,57.098765432098766,75.13513513513513
F0056,A321,Hyderabad-Kolkata,1.86,0.77,1180,220,174,79.0909090909091,46,2.63,70.72243346007605,41.397849462365585
F0354,A350,Bengaluru-Kolkata,2.33,1.29,1540,325,222,68.3076923076923,103,3.62,64.3646408839779,55.36480686695279
F0253,ATR 72,Chennai-Hyderabad,0.99,0.55,515,72,63,87.5,9,1.54,64.28571428571428,55.55555555555556
F0217,A321,Chennai-Delhi,2.77,0.72,1760,220,171,77.72727272727272,49,3.49,79.36962750716332,25.992779783393498
F0633,B737-800,Hyderabad-Kolkata,1.8,0.63,1180,189,116,61.37566137566137,73,2.43,74.07407407407408,35.0
F0383,B787,Delhi-Bengaluru,2.71,1.45,1740,290,272,93.79310344827586,18,4.16,65.14423076923077,53.50553505535055
F0974,A350,Chennai-Singapore,4.3,1.24,2920,325,282,86.76923076923076,43,5.54,77.61732851985559,28.837209302325583
F0304,A350,Delhi-Hyderabad,2.21,1.28,1260,325,269,82.76923076923077,56,3.49,63.323782234957015,57.9185520361991
F0903,A350,Chennai-Delhi,2.61,1.45,1760,325,198,60.92307692307693,127,4.06,64.28571428571429,55.55555555555556
F0328,A321,Chennai-Delhi,2.84,0.85,1760,220,188,85.45454545454545,32,3.69,76.96476964769647,29.929577464788732
F0263,ATR 72,Mumbai-Delhi,2.21,0.49,1148,72,60,83.33333333333334,12,2.7,81.85185185185185,22.171945701357465
F0164,ATR 72,Chennai-Mumbai,2.16,0.37,1034,72,54,75.0,18,2.5300000000000002,85.37549407114624,17.129629629629626
F0654,B737-800,Bengaluru-Hyderabad,1.12,0.81,500,189,147,77.77777777777779,42,1.9300000000000002,58.03108808290155,72.32142857142857
F0394,B737-800,Mumbai-Kolkata,2.48,0.87,1660,189,125,66.13756613756614,64,3.35,74.02985074626865,35.08064516129033
F0381,A320,Mumbai-Singapore,5.59,0.79,3930,180,136,75.55555555555556,44,6.38,87.61755485893417,14.132379248658319
F0946,A320,Chennai-Dubai,4.59,0.72,2930,180,173,96.11111111111111,7,5.31,86.4406779661017,15.686274509803921
F0612,A320,Chennai-Delhi,2.65,0.73,1760,180,131,72.77777777777777,49,3.38,78.40236686390533,27.547169811320753
F0491,ATR 72,Mumbai-Dubai,3.48,0.46,1930,72,66,91.66666666666666,6,3.94,88.3248730964467,13.218390804597702
F0580,A320,Delhi-Singapore,5.6,0.47,4160,180,144,80.0,36,6.069999999999999,92.25700164744646,8.392857142857144
F0993,A320,Chennai-Kolkata,2.14,0.78,1360,180,113,62.77777777777778,67,2.92,73.28767123287672,36.44859813084112
F0061,A321,Delhi-Kolkata,2.16,1.1,1305,220,215,97.72727272727273,5,3.2600000000000002,66.25766871165644,50.92592592592593
F0609,A320,Delhi-Kolkata,2.29,0.86,1305,180,166,92.22222222222223,14,3.15,72.69841269841271,37.55458515283843
F0693,A321,Hyderabad-Kolkata,1.93,0.81,1180,220,163,74.0909090909091,57,2.74,70.43795620437956,41.96891191709845
F0757,A350,Delhi-Kolkata,2.16,1.46,1305,325,229,70.46153846153847,96,3.62,59.66850828729282,67.59259259259258
F0213,ATR 72,Mumbai-Dubai,3.62,0.35,1930,72,62,86.11111111111111,10,3.97,91.183879093199,9.668508287292816
F0453,A320,Delhi-Hyderabad,2.16,0.46,1260,180,133,73.88888888888889,47,2.62,82.44274809160305,21.296296296296298
F0377,B737-800,Chennai-Dubai,4.09,0.57,2930,189,172,91.005291005291,17,4.66,87.76824034334764,13.93643031784841
F0082,A321,Mumbai-Singapore,5.63,0.96,3930,220,142,64.54545454545455,78,6.59,85.43247344461305,17.05150976909414
F0343,ATR 72,Chennai-Kolkata,2.41,0.76,1360,72,48,66.66666666666666,24,3.17,76.02523659305994,31.535269709543567
F0486,B787,Bengaluru-Kolkata,2.43,1.22,1540,290,246,84.82758620689656,44,3.6500000000000004,66.57534246575342,50.20576131687242
F0117,A320,Delhi-Kolkata,2.16,0.61,1305,180,160,88.88888888888889,20,2.77,77.97833935018052,28.240740740740737
F0589,B737-800,Mumbai-Kolkata,2.49,0.86,1660,189,147,77.77777777777779,42,3.35,74.32835820895522,34.53815261044176
F0505,A321,Bengaluru-Kolkata,2.45,1.06,1540,220,162,73.63636363636363,58,3.5100000000000002,69.8005698005698,43.265306122448976
F0406,A320,Chennai-Singapore,4.41,0.63,2920,180,147,81.66666666666667,33,5.04,87.5,14.285714285714285
F0950,A320,Delhi-Kolkata,2.33,0.82,1305,180,163,90.55555555555556,17,3.15,73.96825396825398,35.193133047210296
F0516,B787,Hyderabad-Kolkata,2.07,1.24,1180,290,226,77.93103448275862,64,3.3099999999999996,62.53776435045317,59.90338164251207
F0441,A321,Delhi-Kolkata,2.25,0.77,1305,220,176,80.0,44,3.02,74.50331125827815,34.22222222222222
F0611,A320,Chennai-Singapore,4.23,0.77,2920,180,176,97.77777777777777,4,5.0,84.60000000000001,18.203309692671393
F0241,A321,Bengaluru-Kolkata,2.57,0.84,1540,220,192,87.27272727272727,28,3.4099999999999997,75.366568914956,32.68482490272373
F0718,ATR 72,Delhi-Bengaluru,3.07,0.38,1740,72,63,87.5,9,3.4499999999999997,88.98550724637681,12.377850162866451
F0567,B737-800,Delhi-Kolkata,2.08,0.6,1305,189,158,83.5978835978836,31,2.68,77.61194029850746,28.846153846153843
F0629,ATR 72,Mumbai-Dubai,3.5,0.64,1930,72,56,77.77777777777779,16,4.14,84.54106280193237,18.285714285714285
F0797,B737-800,Delhi-Bengaluru,2.78,0.68,1740,189,163,86.24338624338624,26,3.46,80.34682080924856,24.460431654676263
F0170,ATR 72,Mumbai-Delhi,2.28,0.42,1148,72,71,98.61111111111111,1,2.6999999999999997,84.44444444444444,18.42105263157895
F0904,A320,Chennai-Singapore,4.39,0.73,2920,180,169,93.88888888888889,11,5.119999999999999,85.74218750000001,16.62870159453303
F0114,A321,Delhi-Singapore,6.29,0.64,4160,220,169,76.81818181818181,51,6.93,90.76479076479077,10.174880763116057
F0725,B787,Bengaluru-Kolkata,2.3,1.37,1540,290,224,77.24137931034483,66,3.67,62.67029972752043,59.56521739130436
F0846,A320,Chennai-Hyderabad,0.99,0.81,515,180,159,88.33333333333333,21,1.8,54.99999999999999,81.81818181818183
F0818,B737-800,Chennai-Singapore,4.74,0.61,2920,189,156,82.53968253968253,33,5.3500000000000005,88.59813084112149,12.869198312236286
F0961,B737-800,Mumbai-Dubai,3.17,0.62,1930,189,185,97.88359788359789,4,3.79,83.64116094986808,19.558359621451103
F0622,A320,Mumbai-Kolkata,2.6,0.76,1660,180,126,70.0,54,3.3600000000000003,77.38095238095238,29.230769230769234
F0665,A321,Mumbai-Delhi,2.24,0.76,1148,220,215,97.72727272727273,5,3.0,74.66666666666667,33.92857142857142
F0899,A350,Bengaluru-Kolkata,2.5,1.16,1540,325,292,89.84615384615384,33,3.66,68.30601092896174,46.4
F0804,A350,Bengaluru-Kolkata,2.5,1.33,1540,325,243,74.76923076923076,82,3.83,65.27415143603133,53.2
F0809,A350,Chennai-Mumbai,2.14,1.49,1034,325,227,69.84615384615384,98,3.63,58.953168044077145,69.62616822429905
F0641,ATR 72,Bengaluru-Kolkata,2.62,0.61,1540,72,54,75.0,18,3.23,81.11455108359134,23.282442748091604
F0181,A321,Chennai-Singapore,4.29,0.87,2920,220,207,94.0909090909091,13,5.16,83.13953488372093,20.27972027972028
F0895,B737-800,Delhi-Singapore,6.25,0.37,4160,189,124,65.60846560846561,65,6.62,94.41087613293051,5.92
F0837,B737-800,Delhi-Dubai,3.63,0.84,2190,189,176,93.12169312169311,13,4.47,81.20805369127517,23.140495867768596
F0371,A320,Hyderabad-Kolkata,1.69,0.98,1180,180,139,77.22222222222223,41,2.67,63.29588014981273,57.98816568047337
F0988,A350,Delhi-Bengaluru,2.89,1.26,1740,325,239,73.53846153846155,86,4.15,69.63855421686746,43.59861591695501
F0891,B737-800,Chennai-Singapore,4.27,0.58,2920,189,179,94.70899470899471,10,4.85,88.04123711340206,13.583138173302109
F0677,A350,Delhi-Singapore,5.58,1.53,4160,325,227,69.84615384615384,98,7.11,78.48101265822784,27.419354838709676
F0122,A321,Mumbai-Bengaluru,1.78,0.73,845,220,178,80.9090909090909,42,2.51,70.91633466135458,41.01123595505618
F0915,A320,Bengaluru-Kolkata,2.36,0.57,1540,180,128,71.11111111111111,52,2.9299999999999997,80.54607508532423,24.152542372881356
F0530,B737-800,Delhi-Singapore,6.36,0.71,4160,189,169,89.41798941798942,20,7.07,89.95756718528996,11.163522012578616
F0457,A320,Delhi-Hyderabad,2.23,0.76,1260,180,125,69.44444444444444,55,2.99,74.5819397993311,34.08071748878923
F0897,B737-800,Chennai-Bengaluru,0.71,0.63,290,189,185,97.88359788359789,4,1.3399999999999999,52.98507462686567,88.73239436619718
F0533,B787,Mumbai-Singapore,5.64,1.38,3930,290,212,73.10344827586206,78,7.02,80.34188034188034,24.46808510638298
F0712,B737-800,Delhi-Dubai,3.66,0.9,2190,189,153,80.95238095238095,36,4.5600000000000005,80.26315789473684,24.59016393442623
F0870,ATR 72,Bengaluru-Hyderabad,1.06,0.74,500,72,71,98.61111111111111,1,1.8,58.88888888888889,69.81132075471697
F0243,B737-800,Chennai-Bengaluru,0.86,1.35,290,189,172,91.005291005291,17,2.21,38.91402714932127,156.97674418604652
F0488,A321,Chennai-Dubai,4.35,0.94,2930,220,199,90.45454545454545,21,5.289999999999999,82.23062381852553,21.60919540229885
F0356,A320,Delhi-Singapore,5.94,0.7,4160,180,137,76.11111111111111,43,6.640000000000001,89.45783132530121,11.784511784511784
F0670,A320,Delhi-Hyderabad,2.21,0.95,1260,180,118,65.55555555555556,62,3.16,69.9367088607595,42.98642533936651
F0221,B737-800,Delhi-Kolkata,2.42,0.94,1305,189,136,71.95767195767195,53,3.36,72.02380952380952,38.84297520661157
F0593,A320,Chennai-Singapore,4.26,0.59,2920,180,174,96.66666666666667,6,4.85,87.83505154639175,13.849765258215962
F0748,A320,Chennai-Dubai,4.02,0.61,2930,180,157,87.22222222222223,23,4.63,86.82505399568034,15.17412935323383
F0914,A320,Bengaluru-Kolkata,2.45,0.7,1540,180,149,82.77777777777777,31,3.1500000000000004,77.77777777777779,28.57142857142857
F0905,A321,Chennai-Hyderabad,0.96,0.87,515,220,160,72.72727272727273,60,1.83,52.45901639344262,90.625
F0103,B787,Chennai-Mumbai,1.91,1.27,1034,290,207,71.37931034482759,83,3.1799999999999997,60.062893081761004,66.49214659685865
F0754,A350,Chennai-Delhi,2.77,1.46,1760,325,250,76.92307692307693,75,4.23,65.48463356973994,52.70758122743682
F0246,A321,Mumbai-Kolkata,2.73,0.95,1660,220,158,71.81818181818181,62,3.6799999999999997,74.18478260869566,34.798534798534796
F0465,A321,Delhi-Dubai,3.51,0.98,2190,220,203,92.27272727272727,17,4.49,78.17371937639197,27.92022792022792
F0150,B737-800,Chennai-Singapore,4.86,0.62,2920,189,164,86.77248677248677,25,5.48,88.6861313868613,12.757201646090536
F0010,ATR 72,Mumbai-Kolkata,2.91,0.4,1660,72,51,70.83333333333334,21,3.31,87.91540785498489,13.745704467353953
F0639,ATR 72,Mumbai-Delhi,1.95,0.52,1148,72,66,91.66666666666666,6,2.4699999999999998,78.94736842105263,26.666666666666668
F0760,A321,Delhi-Bengaluru,2.76,1.1,1740,220,204,92.72727272727272,16,3.86,71.50259067357513,39.855072463768124
F0319,ATR 72,Bengaluru-Kolkata,2.67,0.49,1540,72,52,72.22222222222221,20,3.16,84.49367088607595,18.352059925093634
F0982,ATR 72,Delhi-Dubai,3.79,0.64,2190,72,64,88.88888888888889,8,4.43,85.55304740406321,16.886543535620053
F0260,A320,Chennai-Hyderabad,1.24,1.25,515,180,147,81.66666666666667,33,2.49,49.79919678714859,100.80645161290323
F0247,A321,Chennai-Dubai,4.08,0.83,2930,220,162,73.63636363636363,58,4.91,83.09572301425662,20.34313725490196
F0672,B737-800,Hyderabad-Kolkata,2.0,0.61,1180,189,138,73.01587301587301,51,2.61,76.62835249042146,30.5
F0740,B787,Delhi-Kolkata,2.14,1.28,1305,290,284,97.93103448275862,6,3.42,62.57309941520468,59.813084112149525
F0919,A320,Delhi-Bengaluru,2.84,0.95,1740,180,166,92.22222222222223,14,3.79,74.93403693931397,33.45070422535211
F0747,B737-800,Mumbai-Bengaluru,1.54,0.7,845,189,168,88.88888888888889,21,2.24,68.75,45.45454545454545
F0086,B737-800,Delhi-Kolkata,2.29,0.86,1305,189,149,78.83597883597884,40,3.15,72.69841269841271,37.55458515283843
F0024,ATR 72,Delhi-Kolkata,2.66,0.61,1305,72,63,87.5,9,3.27,81.34556574923548,22.932330827067666
F0890,B737-800,Delhi-Hyderabad,2.22,0.68,1260,189,167,88.35978835978835,22,2.9000000000000004,76.55172413793103,30.630630630630627
F0700,ATR 72,Delhi-Kolkata,2.42,0.59,1305,72,58,80.55555555555556,14,3.01,80.39867109634552,24.380165289256198
F0071,B737-800,Chennai-Dubai,4.17,0.85,2930,189,150,79.36507936507937,39,5.02,83.06772908366534,20.38369304556355
F0256,B737-800,Bengaluru-Kolkata,2.46,0.69,1540,189,161,85.18518518518519,28,3.15,78.0952380952381,28.048780487804876
F0600,B737-800,Mumbai-Bengaluru,1.75,0.76,845,189,163,86.24338624338624,26,2.51,69.7211155378486,43.42857142857143
F0341,B737-800,Delhi-Dubai,3.65,0.72,2190,189,167,88.35978835978835,22,4.37,83.52402745995423,19.726027397260275
F0231,A320,Mumbai-Singapore,5.5,0.74,3930,180,127,70.55555555555556,53,6.24,88.14102564102564,13.454545454545455
F0192,A320,Chennai-Kolkata,2.21,0.74,1360,180,155,86.11111111111111,25,2.95,74.91525423728814,33.4841628959276
F0081,A320,Chennai-Mumbai,1.95,0.88,1034,180,148,82.22222222222221,32,2.83,68.90459363957598,45.12820512820513
F0566,A321,Chennai-Hyderabad,0.87,1.22,515,220,167,75.9090909090909,53,2.09,41.62679425837321,140.22988505747128
F0079,A321,Mumbai-Dubai,3.15,0.98,1930,220,207,94.0909090909091,13,4.13,76.27118644067797,31.11111111111111
F0642,A320,Chennai-Bengaluru,0.74,0.94,290,180,130,72.22222222222221,50,1.68,44.047619047619044,127.02702702702702
F0602,B737-800,Mumbai-Delhi,1.99,0.54,1148,189,185,97.88359788359789,4,2.5300000000000002,78.65612648221342,27.1356783919598
F0105,A320,Mumbai-Bengaluru,1.5,0.85,845,180,152,84.44444444444444,28,2.35,63.82978723404255,56.666666666666664
F0928,A321,Chennai-Singapore,4.22,0.9,2920,220,178,80.9090909090909,42,5.12,82.42187499999999,21.32701421800948
F0171,B737-800,Chennai-Bengaluru,0.74,0.66,290,189,183,96.82539682539682,6,1.4,52.85714285714286,89.1891891891892
F0279,A321,Delhi-Dubai,3.55,0.6,2190,220,165,75.0,55,4.1499999999999995,85.5421686746988,16.901408450704224
F0291,A321,Delhi-Kolkata,2.2,1.05,1305,220,182,82.72727272727273,38,3.25,67.6923076923077,47.72727272727273
F0387,A321,Bengaluru-Kolkata,2.38,0.72,1540,220,166,75.45454545454545,54,3.0999999999999996,76.7741935483871,30.252100840336134
F0318,A321,Mumbai-Singapore,5.64,0.88,3930,220,184,83.63636363636363,36,6.52,86.50306748466258,15.602836879432624
F0528,A321,Chennai-Dubai,4.12,0.96,2930,220,183,83.18181818181817,37,5.08,81.10236220472441,23.300970873786405
F0289,A321,Chennai-Hyderabad,1.03,0.9,515,220,189,85.9090909090909,31,1.9300000000000002,53.36787564766839,87.37864077669903
F0971,A350,Mumbai-Bengaluru,1.56,1.46,845,325,252,77.53846153846153,73,3.02,51.65562913907284,93.58974358974358
F0874,A320,Hyderabad-Kolkata,1.76,0.84,1180,180,119,66.11111111111111,61,2.6,67.69230769230768,47.72727272727273
F0643,A320,Bengaluru-Hyderabad,0.97,1.02,500,180,175,97.22222222222221,5,1.99,48.743718592964825,105.15463917525774
F0994,ATR 72,Chennai-Kolkata,2.37,0.66,1360,72,56,77.77777777777779,16,3.0300000000000002,78.2178217821782,27.848101265822784
F0199,B737-800,Mumbai-Delhi,2.03,0.91,1148,189,167,88.35978835978835,22,2.94,69.04761904761905,44.827586206896555
F0242,B737-800,Bengaluru-Kolkata,2.41,0.66,1540,189,145,76.71957671957672,44,3.0700000000000003,78.50162866449512,27.38589211618257
F0063,B737-800,Bengaluru-Hyderabad,0.95,0.62,500,189,132,69.84126984126983,57,1.5699999999999998,60.5095541401274,65.26315789473685
F0172,A321,Mumbai-Singapore,5.46,0.79,3930,220,180,81.81818181818183,40,6.25,87.36,14.46886446886447
F0624,A321,Chennai-Kolkata,2.38,0.89,1360,220,156,70.9090909090909,64,3.27,72.78287461773701,37.39495798319328
F0305,A320,Delhi-Singapore,5.68,0.74,4160,180,132,73.33333333333333,48,6.42,88.47352024922118,13.028169014084506
F0987,A321,Mumbai-Singapore,5.85,1.12,3930,220,160,72.72727272727273,60,6.97,83.93113342898134,19.14529914529915
F0266,A321,Chennai-Hyderabad,1.12,0.96,515,220,187,85.0,33,2.08,53.846153846153854,85.7142857142857
F0359,ATR 72,Chennai-Bengaluru,0.79,0.53,290,72,67,93.05555555555556,5,1.32,59.84848484848485,67.08860759493672
F0773,ATR 72,Mumbai-Delhi,2.26,0.67,1148,72,68,94.44444444444444,4,2.9299999999999997,77.13310580204778,29.646017699115053
F0008,B737-800,Delhi-Kolkata,2.13,0.82,1305,189,158,83.5978835978836,31,2.9499999999999997,72.20338983050848,38.497652582159624
F0390,A320,Chennai-Dubai,4.05,0.65,2930,180,151,83.88888888888889,29,4.7,86.17021276595744,16.049382716049383
F0924,A350,Mumbai-Delhi,1.98,1.41,1148,325,274,84.3076923076923,51,3.3899999999999997,58.4070796460177,71.2121212121212
F0910,A320,Chennai-Hyderabad,1.13,0.74,515,180,159,88.33333333333333,21,1.8699999999999999,60.42780748663101,65.48672566371681
F0742,A320,Chennai-Singapore,4.22,1.04,2920,180,166,92.22222222222223,14,5.26,80.22813688212928,24.644549763033176
F0810,A321,Bengaluru-Kolkata,2.23,0.87,1540,220,178,80.9090909090909,42,3.1,71.93548387096774,39.01345291479821
F0719,A320,Chennai-Mumbai,2.25,0.69,1034,180,153,85.0,27,2.94,76.53061224489795,30.666666666666664
F0474,A320,Mumbai-Delhi,1.92,0.72,1148,180,175,97.22222222222221,5,2.6399999999999997,72.72727272727273,37.5
F0439,A320,Delhi-Hyderabad,2.33,0.72,1260,180,161,89.44444444444444,19,3.05,76.39344262295083,30.901287553648064
F0473,B737-800,Chennai-Singapore,4.29,0.78,2920,189,169,89.41798941798942,20,5.07,84.61538461538461,18.181818181818183
F0225,A321,Chennai-Dubai,4.32,0.94,2930,220,196,89.0909090909091,24,5.26,82.12927756653994,21.759259259259256
F0925,A321,Mumbai-Kolkata,2.59,0.86,1660,220,170,77.27272727272727,50,3.4499999999999997,75.07246376811595,33.204633204633204
F0500,A321,Bengaluru-Kolkata,2.46,1.14,1540,220,173,78.63636363636364,47,3.5999999999999996,68.33333333333333,46.34146341463414
F0741,A320,Bengaluru-Kolkata,2.42,0.89,1540,180,147,81.66666666666667,33,3.31,73.1117824773414,36.77685950413223
F0396,B787,Chennai-Dubai,4.1,1.42,2930,290,181,62.41379310344828,109,5.52,74.27536231884058,34.63414634146342
F0220,B737-800,Mumbai-Bengaluru,1.72,0.74,845,189,170,89.94708994708994,19,2.46,69.91869918699187,43.02325581395349
F0257,A320,Delhi-Dubai,3.57,0.84,2190,180,156,86.66666666666667,24,4.41,80.95238095238095,23.52941176470588
F0163,A320,Chennai-Mumbai,2.04,0.57,1034,180,137,76.11111111111111,43,2.61,78.16091954022988,27.941176470588232
F0224,B737-800,Bengaluru-Hyderabad,1.05,0.78,500,189,173,91.53439153439153,16,1.83,57.377049180327866,74.28571428571429
F0991,A320,Mumbai-Delhi,2.06,0.69,1148,180,163,90.55555555555556,17,2.75,74.90909090909092,33.495145631067956
F0361,B737-800,Chennai-Dubai,4.27,0.76,2930,189,143,75.66137566137566,46,5.029999999999999,84.8906560636183,17.798594847775178
F0968,B737-800,Mumbai-Dubai,3.52,0.87,1930,189,172,91.005291005291,17,4.39,80.18223234624146,24.71590909090909
F0796,ATR 72,Delhi-Dubai,3.85,0.71,2190,72,64,88.88888888888889,8,4.5600000000000005,84.42982456140349,18.44155844155844
F0854,A320,Chennai-Mumbai,2.16,0.81,1034,180,144,80.0,36,2.97,72.72727272727273,37.5
F0307,A320,Chennai-Mumbai,1.98,0.68,1034,180,144,80.0,36,2.66,74.4360902255639,34.343434343434346
F0937,A321,Delhi-Kolkata,2.22,0.9,1305,220,173,78.63636363636364,47,3.12,71.15384615384616,40.54054054054054
F0606,A321,Mumbai-Kolkata,2.62,0.92,1660,220,156,70.9090909090909,64,3.54,74.01129943502825,35.11450381679389
F0005,B787,Delhi-Hyderabad,2.11,1.26,1260,290,185,63.793103448275865,105,3.37,62.61127596439169,59.715639810426545
F0944,B737-800,Delhi-Bengaluru,2.59,0.77,1740,189,167,88.35978835978835,22,3.36,77.08333333333334,29.72972972972973
F0043,A350,Delhi-Bengaluru,2.74,1.22,1740,325,262,80.61538461538461,63,3.96,69.1919191919192,44.52554744525547
F0798,B737-800,Chennai-Bengaluru,0.77,0.78,290,189,152,80.42328042328042,37,1.55,49.67741935483871,101.2987012987013
F0107,B737-800,Delhi-Dubai,3.84,0.62,2190,189,142,75.13227513227513,47,4.46,86.09865470852017,16.145833333333336
F0280,A321,Chennai-Hyderabad,1.12,0.81,515,220,182,82.72727272727273,38,1.9300000000000002,58.03108808290155,72.32142857142857
F0292,B737-800,Chennai-Dubai,4.24,0.78,2930,189,160,84.65608465608466,29,5.0200000000000005,84.4621513944223,18.39622641509434
F0694,B737-800,Chennai-Hyderabad,1.03,0.73,515,189,174,92.06349206349206,15,1.76,58.52272727272727,70.87378640776699
F0908,B787,Chennai-Mumbai,2.23,1.27,1034,290,219,75.51724137931033,71,3.5,63.714285714285715,56.95067264573991
F0763,A320,Mumbai-Delhi,1.92,1.01,1148,180,169,93.88888888888889,11,2.9299999999999997,65.52901023890786,52.60416666666667
F0466,ATR 72,Delhi-Kolkata,2.41,0.45,1305,72,64,88.88888888888889,8,2.8600000000000003,84.26573426573427,18.672199170124482
F0296,B787,Mumbai-Kolkata,2.7,1.26,1660,290,213,73.44827586206897,77,3.96,68.18181818181819,46.666666666666664
F0825,B737-800,Hyderabad-Kolkata,1.86,0.78,1180,189,141,74.60317460317461,48,2.64,70.45454545454545,41.935483870967744
F0766,B737-800,Bengaluru-Hyderabad,0.88,0.72,500,189,172,91.005291005291,17,1.6,54.99999999999999,81.81818181818181
F0426,B737-800,Mumbai-Kolkata,2.7,0.8,1660,189,114,60.317460317460316,75,3.5,77.14285714285715,29.629629629629626
F0550,A321,Hyderabad-Kolkata,1.97,0.6,1180,220,159,72.27272727272728,61,2.57,76.65369649805449,30.45685279187817
F0795,A321,Delhi-Bengaluru,2.75,0.9,1740,220,186,84.54545454545455,34,3.65,75.34246575342466,32.72727272727273
F0923,B737-800,Bengaluru-Kolkata,2.52,0.77,1540,189,171,90.47619047619048,18,3.29,76.59574468085107,30.555555555555557
F0554,B737-800,Chennai-Hyderabad,1.09,0.75,515,189,160,84.65608465608466,29,1.84,59.2391304347826,68.80733944954129
F0514,ATR 72,Mumbai-Bengaluru,1.48,0.58,845,72,62,86.11111111111111,10,2.06,71.84466019417476,39.189189189189186
F0524,A320,Chennai-Singapore,4.2,0.61,2920,180,149,82.77777777777777,31,4.8100000000000005,87.31808731808731,14.523809523809522
F0357,B787,Chennai-Singapore,4.65,0.44,2920,290,271,93.44827586206897,19,5.090000000000001,91.35559921414537,9.46236559139785
F0829,ATR 72,Chennai-Kolkata,2.33,0.46,1360,72,50,69.44444444444444,22,2.79,83.51254480286738,19.742489270386265
F0673,A321,Delhi-Hyderabad,2.36,0.81,1260,220,177,80.45454545454545,43,3.17,74.44794952681387,34.32203389830509
F0447,A321,Bengaluru-Kolkata,2.49,0.94,1540,220,150,68.18181818181817,70,3.43,72.59475218658893,37.75100401606425
F0470,A320,Mumbai-Bengaluru,1.71,0.89,845,180,166,92.22222222222223,14,2.6,65.76923076923077,52.046783625730995
F0137,B737-800,Chennai-Bengaluru,0.69,0.7,290,189,183,96.82539682539682,6,1.39,49.64028776978417,101.44927536231884
F0922,B737-800,Chennai-Hyderabad,0.96,1.25,515,189,121,64.02116402116403,68,2.21,43.43891402714932,130.20833333333334
F0151,ATR 72,Delhi-Hyderabad,2.4,0.35,1260,72,53,73.61111111111111,19,2.75,87.27272727272727,14.583333333333334
F0069,ATR 72,Chennai-Mumbai,2.17,0.72,1034,72,61,84.72222222222221,11,2.8899999999999997,75.08650519031143,33.17972350230415
F0938,A321,Chennai-Singapore,4.37,0.7,2920,220,192,87.27272727272727,28,5.07,86.19329388560158,16.018306636155604
F0278,A321,Chennai-Delhi,2.77,0.84,1760,220,197,89.54545454545455,23,3.61,76.73130193905817,30.324909747292416
F0931,A320,Hyderabad-Kolkata,1.89,0.74,1180,180,144,80.0,36,2.63,71.86311787072243,39.15343915343916
F0427,B737-800,Chennai-Mumbai,2.01,0.79,1034,189,164,86.77248677248677,25,2.8,71.78571428571429,39.30348258706468
F0248,A321,Delhi-Bengaluru,2.76,0.66,1740,220,193,87.72727272727273,27,3.42,80.7017543859649,23.913043478260875
F0072,B787,Bengaluru-Kolkata,2.44,1.35,1540,290,235,81.03448275862068,55,3.79,64.37994722955145,55.32786885245902
F0715,B787,Delhi-Kolkata,2.29,1.38,1305,290,189,65.17241379310344,101,3.67,62.39782016348774,60.26200873362445
F0300,ATR 72,Chennai-Bengaluru,1.0,0.35,290,72,68,94.44444444444444,4,1.35,74.07407407407408,35.0
F0245,ATR 72,Delhi-Dubai,3.88,0.43,2190,72,69,95.83333333333334,3,4.31,90.02320185614849,11.082474226804123
F0250,B787,Mumbai-Kolkata,2.4,1.34,1660,290,190,65.51724137931035,100,3.74,64.17112299465239,55.833333333333336
F0831,A320,Chennai-Kolkata,2.08,0.75,1360,180,140,77.77777777777779,40,2.83,73.4982332155477,36.05769230769231
F0284,A321,Bengaluru-Kolkata,2.43,0.7,1540,220,182,82.72727272727273,38,3.13,77.63578274760384,28.806584362139915
F0440,B737-800,Hyderabad-Kolkata,2.1,0.7,1180,189,147,77.77777777777779,42,2.8,75.00000000000001,33.33333333333333
F0835,B737-800,Chennai-Hyderabad,0.89,0.86,515,189,129,68.25396825396825,60,1.75,50.857142857142854,96.62921348314606
F0583,A350,Delhi-Hyderabad,2.19,1.52,1260,325,196,60.30769230769231,129,3.71,59.02964959568733,69.40639269406394
F0337,A350,Chennai-Delhi,2.88,1.33,1760,325,241,74.15384615384616,84,4.21,68.40855106888361,46.18055555555556
F0468,A321,Mumbai-Bengaluru,1.58,0.72,845,220,195,88.63636363636364,25,2.3,68.69565217391305,45.56962025316456
F0591,B737-800,Mumbai-Kolkata,2.47,0.91,1660,189,133,70.37037037037037,56,3.3800000000000003,73.07692307692307,36.84210526315789
F0943,B787,Delhi-Bengaluru,2.85,1.23,1740,290,229,78.96551724137932,61,4.08,69.85294117647058,43.1578947368421
F0143,B737-800,Chennai-Delhi,2.8,0.59,1760,189,152,80.42328042328042,37,3.3899999999999997,82.59587020648968,21.071428571428573
F0545,B787,Hyderabad-Kolkata,1.91,1.46,1180,290,202,69.6551724137931,88,3.37,56.67655786350147,76.43979057591623
F0355,A350,Chennai-Dubai,4.0,1.31,2930,325,249,76.61538461538461,76,5.3100000000000005,75.32956685499059,32.75
F0033,A320,Mumbai-Bengaluru,1.65,0.57,845,180,141,78.33333333333333,39,2.2199999999999998,74.32432432432434,34.54545454545455
F0519,A320,Delhi-Kolkata,2.33,0.7,1305,180,123,68.33333333333333,57,3.0300000000000002,76.89768976897689,30.04291845493562
F0918,A320,Mumbai-Singapore,5.6,0.93,3930,180,154,85.55555555555556,26,6.529999999999999,85.75803981623278,16.607142857142858
F0001,B737-800,Hyderabad-Kolkata,2.0,0.45,1180,189,145,76.71957671957672,44,2.45,81.63265306122447,22.5
F0463,B787,Delhi-Dubai,3.45,1.13,2190,290,263,90.6896551724138,27,4.58,75.32751091703057,32.7536231884058
F0863,A320,Mumbai-Bengaluru,1.7,0.54,845,180,175,97.22222222222221,5,2.24,75.89285714285712,31.764705882352946
F0544,ATR 72,Mumbai-Delhi,2.24,0.65,1148,72,62,86.11111111111111,10,2.89,77.50865051903114,29.01785714285714
F0679,B787,Mumbai-Bengaluru,1.5,1.27,845,290,207,71.37931034482759,83,2.77,54.151624548736464,84.66666666666667
F0535,B737-800,Mumbai-Dubai,3.23,0.74,1930,189,163,86.24338624338624,26,3.9699999999999998,81.36020151133502,22.910216718266255
F0317,B737-800,Mumbai-Kolkata,2.54,0.92,1660,189,129,68.25396825396825,60,3.46,73.41040462427746,36.22047244094488
F0270,A320,Bengaluru-Kolkata,2.44,0.42,1540,180,156,86.66666666666667,24,2.86,85.3146853146853,17.21311475409836
F0057,A320,Bengaluru-Hyderabad,1.15,0.88,500,180,161,89.44444444444444,19,2.03,56.65024630541872,76.52173913043478
F0481,B737-800,Chennai-Bengaluru,0.7,0.78,290,189,173,91.53439153439153,16,1.48,47.2972972972973,111.42857142857143
F0036,B737-800,Delhi-Singapore,5.67,0.68,4160,189,164,86.77248677248677,25,6.35,89.29133858267717,11.99294532627866
F0638,A320,Mumbai-Bengaluru,1.79,0.65,845,180,155,86.11111111111111,25,2.44,73.36065573770492,36.312849162011176
F0195,A320,Mumbai-Dubai,3.35,0.87,1930,180,173,96.11111111111111,7,4.22,79.38388625592417,25.970149253731346
F0538,A321,Mumbai-Singapore,5.7,0.76,3930,220,147,66.81818181818183,73,6.46,88.23529411764707,13.333333333333334
F0631,A321,Mumbai-Singapore,5.8,0.85,3930,220,186,84.54545454545455,34,6.6499999999999995,87.21804511278197,14.655172413793101
F0699,B737-800,Chennai-Delhi,2.94,0.89,1760,189,137,72.4867724867725,52,3.83,76.76240208877284,30.272108843537417
F0724,ATR 72,Bengaluru-Kolkata,2.7,0.4,1540,72,61,84.72222222222221,11,3.1,87.09677419354838,14.814814814814813
F0104,A321,Bengaluru-Kolkata,2.48,0.98,1540,220,168,76.36363636363637,52,3.46,71.67630057803468,39.516129032258064
F0215,A320,Delhi-Hyderabad,2.22,0.9,1260,180,153,85.0,27,3.12,71.15384615384616,40.54054054054054
F0016,B737-800,Delhi-Bengaluru,2.87,0.67,1740,189,162,85.71428571428571,27,3.54,81.07344632768361,23.34494773519164
F0684,A320,Chennai-Kolkata,2.27,0.81,1360,180,143,79.44444444444444,37,3.08,73.7012987012987,35.68281938325991
F0885,ATR 72,Chennai-Bengaluru,0.84,0.61,290,72,62,86.11111111111111,10,1.45,57.931034482758626,72.61904761904762
F0898,B787,Chennai-Singapore,4.43,1.39,2920,290,273,94.13793103448276,17,5.819999999999999,76.11683848797252,31.376975169300223
F0578,A320,Chennai-Bengaluru,0.74,0.77,290,180,176,97.77777777777777,4,1.51,49.00662251655629,104.05405405405406
F0549,B787,Delhi-Kolkata,2.32,1.29,1305,290,276,95.17241379310344,14,3.61,64.26592797783933,55.60344827586208
F0912,A320,Mumbai-Dubai,3.16,0.35,1930,180,169,93.88888888888889,11,3.5100000000000002,90.02849002849003,11.075949367088606
F0552,A350,Chennai-Singapore,4.19,1.35,2920,325,259,79.6923076923077,66,5.540000000000001,75.63176895306859,32.21957040572792
F0188,A320,Delhi-Dubai,3.61,0.77,2190,180,176,97.77777777777777,4,4.38,82.42009132420091,21.329639889196677
F0418,A321,Delhi-Dubai,3.49,0.68,2190,220,175,79.54545454545455,45,4.17,83.69304556354916,19.484240687679083
F0404,A321,Chennai-Hyderabad,0.91,1.33,515,220,196,89.0909090909091,24,2.24,40.625,146.15384615384616
F0058,A320,Delhi-Dubai,3.56,0.94,2190,180,170,94.44444444444444,10,4.5,79.11111111111111,26.40449438202247
F0959,A320,Bengaluru-Kolkata,2.42,0.67,1540,180,152,84.44444444444444,28,3.09,78.31715210355988,27.685950413223143
F0859,B737-800,Chennai-Kolkata,2.32,0.92,1360,189,160,84.65608465608466,29,3.2399999999999998,71.60493827160494,39.65517241379311
F0592,A321,Delhi-Kolkata,2.19,0.65,1305,220,185,84.0909090909091,35,2.84,77.11267605633803,29.680365296803657
F0298,A321,Chennai-Dubai,4.2,0.91,2930,220,153,69.54545454545455,67,5.11,82.1917808219178,21.666666666666668
F0561,B787,Mumbai-Bengaluru,1.49,1.38,845,290,258,88.96551724137932,32,2.87,51.91637630662021,92.61744966442951
F0534,B787,Mumbai-Dubai,3.26,1.11,1930,290,253,87.24137931034483,37,4.37,74.5995423340961,34.04907975460123
F0013,B737-800,Delhi-Hyderabad,2.2,0.85,1260,189,149,78.83597883597884,40,3.0500000000000003,72.1311475409836,38.63636363636363
F0193,A321,Chennai-Hyderabad,1.12,0.79,515,220,188,85.45454545454545,32,1.9100000000000001,58.63874345549739,70.53571428571428
F0710,B737-800,Mumbai-Singapore,5.74,0.78,3930,189,160,84.65608465608466,29,6.5200000000000005,88.03680981595092,13.588850174216027
F0460,B737-800,Chennai-Bengaluru,0.83,0.76,290,189,179,94.70899470899471,10,1.5899999999999999,52.20125786163522,91.56626506024097
F0707,B737-800,Hyderabad-Kolkata,2.02,0.7,1180,189,136,71.95767195767195,53,2.7199999999999998,74.26470588235294,34.65346534653465
F0050,A321,Chennai-Delhi,2.75,0.98,1760,220,171,77.72727272727272,49,3.73,73.7265415549598,35.63636363636364
F0525,A320,Hyderabad-Kolkata,2.08,0.65,1180,180,124,68.88888888888889,56,2.73,76.1904761904762,31.25
F0430,B787,Delhi-Hyderabad,2.31,1.33,1260,290,235,81.03448275862068,55,3.64,63.46153846153846,57.57575757575758
F0892,A320,Chennai-Mumbai,2.3,0.73,1034,180,142,78.88888888888889,38,3.03,75.9075907590759,31.73913043478261
F0007,B787,Bengaluru-Kolkata,2.32,1.04,1540,290,202,69.6551724137931,88,3.36,69.04761904761905,44.827586206896555
F0948,A321,Chennai-Delhi,2.74,0.63,1760,220,146,66.36363636363637,74,3.37,81.30563798219585,22.99270072992701
F0666,B737-800,Delhi-Kolkata,2.5,0.8,1305,189,135,71.42857142857143,54,3.3,75.75757575757575,32.0
F0603,A320,Mumbai-Bengaluru,1.68,0.74,845,180,158,87.77777777777777,22,2.42,69.42148760330579,44.047619047619044
F0040,B737-800,Chennai-Kolkata,2.36,0.51,1360,189,129,68.25396825396825,60,2.87,82.22996515679442,21.610169491525426
F0348,A350,Chennai-Singapore,4.19,1.55,2920,325,232,71.38461538461539,93,5.74,72.99651567944251,36.99284009546539
F0461,A320,Chennai-Singapore,4.38,0.85,2920,180,170,94.44444444444444,10,5.2299999999999995,83.74760994263862,19.406392694063925
F0238,B787,Delhi-Singapore,5.67,1.29,4160,290,197,67.93103448275862,93,6.96,81.46551724137932,22.751322751322753
F0032,A320,Chennai-Singapore,4.23,0.8,2920,180,159,88.33333333333333,21,5.03,84.09542743538768,18.912529550827422
F0489,B787,Chennai-Delhi,2.69,1.04,1760,290,150,51.724137931034484,140,3.73,72.11796246648794,38.66171003717472
F0951,A320,Mumbai-Kolkata,2.7,1.15,1660,180,122,67.77777777777779,58,3.85,70.12987012987013,42.59259259259259
F0970,A321,Mumbai-Kolkata,2.6,1.03,1660,220,148,67.27272727272727,72,3.63,71.62534435261708,39.61538461538461
F0041,A320,Bengaluru-Hyderabad,0.96,0.83,500,180,151,83.88888888888889,29,1.79,53.63128491620112,86.45833333333334
F0743,B787,Delhi-Hyderabad,2.11,1.14,1260,290,228,78.62068965517241,62,3.25,64.92307692307692,54.02843601895735
F0596,A350,Mumbai-Bengaluru,1.74,1.41,845,325,236,72.61538461538461,89,3.15,55.23809523809524,81.03448275862068
